event_id,time_ms,tick,note,note_name,velocity_on,time_off_ms,tick_off,velocity_off,duration_ms
0,0,42,57,A3,33,1821,450,3,1821
1,40,51,72,C5,42,929,250,26,888
2,89,62,69,A4,28,1629,407,7,1540
3,107,66,76,E5,37,1411,358,47,1304
4,152,76,79,G5,35,1442,365,5,1290
5,210,89,84,C6,37,911,246,53,701
6,1071,282,86,D6,52,1241,320,57,170
7,1402,356,84,C6,55,1679,418,29,277
8,1768,438,78,F#5,46,1951,479,44,183
9,1772,439,72,C5,37,2580,620,39,808
10,1781,441,62,D4,44,3679,866,28,1897
11,1879,463,79,G5,53,2009,492,33,129
12,1929,474,81,A5,53,2259,548,46,330
13,2210,537,79,G5,49,2580,620,36,371
14,2509,604,78,F#5,59,2821,674,56,312
15,2821,674,74,D5,57,3152,748,24,330
16,3112,739,76,E5,57,3402,804,37,290
17,3348,792,78,F#5,53,3598,848,42,250
18,3759,884,67,G4,41,5772,1335,15,2013
19,3790,891,83,B5,50,4540,1059,5,750
20,4121,965,55,G3,60,5790,1339,29,1670
21,4442,1037,71,B4,47,5379,1247,31,937
22,4741,1104,74,D5,57,5201,1207,5,460
23,5009,1164,78,F#5,39,5321,1234,36,312
24,5259,1220,83,B5,46,5420,1256,46,161
25,5701,1319,60,C4,36,6656,1533,57,955
26,5759,1332,72,C5,35,6879,1583,29,1121
27,5781,1337,76,E5,53,7379,1695,5,1598
28,5839,1350,79,G5,33,7812,1792,31,1973
29,5929,1370,83,B5,35,7951,1823,7,2022
30,6759,1556,60,C4,63,7562,1736,41,804
31,7790,1787,66,F#4,50,10031,2289,44,2241
32,8138,1865,72,C5,53,8478,1941,29,339
33,8411,1926,76,E5,53,8821,2018,36,411
34,8719,1995,78,F#5,48,8911,2038,53,192
35,8741,2000,72,C5,42,9451,2159,33,710
36,8812,2016,79,G5,42,9031,2065,46,219
37,8991,2056,81,A5,52,9281,2121,36,290
38,9232,2110,79,G5,58,9701,2215,46,469
39,9621,2197,78,F#5,53,10112,2307,19,491
40,9920,2264,59,B3,55,11661,2654,46,1741
41,10281,2345,69,A4,48,10741,2448,46,460
42,10540,2403,75,D#5,36,10741,2448,57,201
43,10942,2493,78,F#5,60,11272,2567,57,330
44,10951,2495,75,D#5,60,11281,2569,41,330
45,10951,2495,69,A4,56,11710,2665,26,759
46,11259,2564,79,G5,49,11589,2638,33,330
47,11540,2627,78,F#5,44,11661,2654,53,121
48,11871,2701,52,E3,46,15062,3416,35,3192
49,11969,2723,64,E4,31,12179,2770,5,210
50,11969,2723,71,B4,46,12281,2793,26,312
51,11978,2725,74,D5,36,12321,2802,23,344
52,12022,2735,76,E5,13,12540,2851,5,518
53,12062,2744,79,G5,23,12420,2824,26,357
54,12281,2793,64,E4,52,13022,2959,39,741
55,12558,2855,71,B4,44,12772,2903,29,214
56,12911,2934,74,D5,59,13330,3028,24,420
57,12920,2936,79,G5,56,13451,3055,5,531
58,12920,2936,76,E5,62,13571,3082,24,652
59,12929,2938,71,B4,58,13241,3008,35,312
60,13250,3010,64,E4,47,14170,3216,24,920
61,13531,3073,71,B4,36,13687,3108,24,156
62,13920,3160,83,B5,41,14420,3272,41,500
63,13929,3162,71,B4,53,14290,3243,36,362
64,13929,3162,74,D5,49,14290,3243,37,362
65,13937,3164,76,E5,57,14299,3245,5,362
66,14661,3326,76,E5,47,14969,3395,26,308
67,14687,3332,64,E4,53,15121,3429,54,433
68,14844,3367,78,F#5,53,15129,3431,42,286
69,15129,3431,79,G5,57,15469,3507,13,339
70,15629,3543,57,A3,50,17638,3993,23,2009
71,15710,3561,72,C5,47,16000,3626,35,290
72,15719,3563,69,A4,29,15848,3592,36,129
73,15741,3568,76,E5,44,16442,3725,5,701
74,15759,3572,79,G5,36,16491,3736,36,732
75,15812,3584,84,C6,35,16339,3702,48,527
76,16031,3633,69,A4,52,16929,3834,33,897
77,16299,3693,72,C5,36,16429,3722,53,129
78,16652,3772,76,E5,42,17031,3857,35,379
79,16652,3772,79,G5,53,17049,3861,41,397
80,16652,3772,86,D6,55,16862,3819,35,210
81,16991,3848,84,C6,44,17379,3935,36,388
82,17000,3850,72,C5,36,17107,3874,28,107
83,17290,3915,69,A4,42,17621,3989,28,330
84,17612,3987,62,D4,37,17799,4029,39,187
85,17621,3989,72,C5,39,17991,4072,39,371
86,17621,3989,78,F#5,55,18170,4112,3,549
87,17621,3989,81,A5,37,18281,4137,42,661
88,17920,4056,62,D4,58,19482,4406,49,1562
89,18219,4123,72,C5,62,18638,4217,26,420
90,18549,4197,78,F#5,59,18911,4278,42,362
91,18862,4267,79,G5,60,19147,4331,41,286
92,19170,4336,81,A5,57,19500,4410,47,330
93,19491,4408,83,B5,61,19830,4484,41,339
94,19491,4408,55,G3,60,21388,4833,15,1897
95,19772,4471,78,F#5,56,20129,4551,37,357
96,20098,4544,74,D5,50,20451,4623,47,353
97,20098,4544,62,D4,55,21388,4833,3,1290
98,20429,4618,67,G4,54,21348,4824,3,920
99,20437,4620,71,B4,53,21147,4779,15,710
100,20772,4695,74,D5,62,21089,4766,52,317
101,21089,4766,83,B5,46,21442,4845,23,353
102,21388,4833,60,C4,57,22991,5192,44,1603
103,21402,4836,81,A5,31,21759,4916,36,357
104,21701,4903,79,G5,50,22049,4981,35,348
105,22009,4972,76,E5,56,22339,5046,56,330
106,22339,5046,72,C5,58,22732,5134,36,393
107,22670,5120,74,D5,58,23049,5205,11,379
108,22969,5187,76,E5,52,23281,5257,41,312
109,23290,5259,81,A5,48,23969,5411,33,679
110,23308,5263,79,G5,37,23411,5286,31,103
111,23330,5268,69,A4,44,23701,5351,17,371
112,23629,5335,57,A3,57,25210,5689,31,1580
113,23902,5396,78,F#5,53,24589,5550,41,687
114,24268,5478,69,A4,52,24902,5620,13,634
115,24562,5544,72,C5,57,24937,5628,33,375
116,24871,5613,74,D5,36,25219,5691,52,348
117,25201,5687,59,B3,50,25482,5750,52,281
118,25201,5687,78,F#5,41,25759,5812,55,558
119,25210,5689,75,D#5,52,25759,5812,57,549
120,25241,5696,69,A4,48,25621,5781,44,379
121,25549,5765,59,B3,64,26978,6085,37,1429
122,25848,5832,75,D#5,74,26031,5873,54,183
123,25857,5834,78,F#5,76,26031,5873,50,174
124,25857,5834,69,A4,61,26040,5875,36,183
125,26187,5908,78,F#5,59,26491,5976,44,304
126,26187,5908,75,D#5,62,26500,5978,44,312
127,26201,5911,69,A4,57,26571,5994,41,371
128,26500,5978,79,G5,53,26652,6012,35,152
129,26790,6043,78,F#5,55,27121,6117,36,330
130,26812,6048,69,A4,48,27000,6090,35,187
131,27152,6124,64,E4,57,27518,6206,36,366
132,27152,6124,74,D5,57,27839,6278,13,687
133,27156,6125,76,E5,60,27911,6294,28,754
134,27161,6126,71,B4,55,27790,6267,5,629
135,27469,6195,52,E3,52,33732,7598,35,6263
136,27830,6276,64,E4,50,29951,6751,35,2121
137,28147,6347,71,B4,57,28509,6428,26,362
138,28460,6417,74,D5,50,28781,6489,44,321
139,28741,6480,76,E5,56,29009,6540,36,268
140,29049,6549,79,G5,57,30960,6977,3,1911
141,29071,6554,71,B4,57,30460,6865,5,1388
142,32879,7407,76,E5,64,33330,7508,3,451
143,33330,7508,64,E4,59,33781,7609,56,451
144,33339,7510,75,D#5,64,33790,7611,28,451
145,33759,7604,76,E5,62,34080,7676,33,321
146,34062,7672,54,F#3,57,34290,7723,36,228
147,34121,7685,66,F#4,53,34451,7759,36,330
148,34210,7705,78,F#5,57,34379,7743,49,170
149,34214,7706,76,E5,61,34371,7741,44,156
150,34219,7707,72,C5,58,34379,7743,42,161
151,34652,7804,78,F#5,56,35161,7918,54,509
152,34661,7806,72,C5,57,35161,7918,36,500
153,34661,7806,76,E5,64,35147,7915,44,487
154,35080,7900,54,F#3,60,35978,8101,33,897
155,35362,7963,74,D5,58,35562,8008,29,201
156,35371,7965,76,E5,60,35870,8077,5,500
157,35371,7965,72,C5,56,35540,8003,39,170
158,35491,7992,66,F#4,64,35821,8066,33,330
159,35830,8068,72,C5,58,35982,8102,31,152
160,35929,8090,59,B3,62,36379,8191,56,451
161,36379,8191,69,A4,55,36679,8258,33,299
162,36379,8191,75,D#5,59,36670,8256,33,290
163,36379,8191,78,F#5,56,36679,8258,44,299
164,36589,8238,59,B3,44,36897,8307,49,308
165,36848,8296,75,D#5,49,37272,8391,36,424
166,36862,8299,69,A4,57,37339,8406,24,478
167,36862,8299,76,E5,60,37259,8388,29,397
168,37281,8393,59,B3,58,37768,8502,53,487
169,37290,8395,78,F#5,59,37692,8485,3,402
170,37728,8493,79,G5,55,37879,8527,35,152
171,37732,8494,71,B4,46,37888,8529,35,156
172,37737,8495,74,D5,54,37857,8522,39,121
173,37741,8496,76,E5,59,37870,8525,50,129
174,37759,8500,64,E4,56,37942,8541,35,183
175,38170,8592,79,G5,53,38679,8706,42,509
176,38170,8592,76,E5,59,38679,8706,47,509
177,38179,8594,74,D5,61,38670,8704,35,491
178,38187,8596,71,B4,57,38679,8706,33,491
179,38598,8688,52,E3,59,39170,8816,37,571
180,38920,8760,79,G5,60,39049,8789,46,129
181,38920,8760,74,D5,59,39031,8785,46,112
182,38920,8760,76,E5,57,39040,8787,57,121
183,38929,8762,71,B4,59,39049,8789,41,121
184,39049,8789,64,E4,57,39129,8807,44,80
185,39500,8890,76,E5,60,39781,8953,36,281
186,39500,8890,79,G5,55,39790,8955,39,290
187,39509,8892,74,D5,63,39781,8953,35,272
188,39509,8892,71,B4,59,39799,8957,31,290
189,39741,8944,52,E3,57,41210,9273,5,1469
190,39929,8986,76,E5,59,40210,9049,29,281
191,39929,8986,74,D5,58,40219,9051,28,290
192,39937,8988,79,G5,56,40210,9049,33,272
193,39942,8989,71,B4,55,40232,9054,29,290
194,40228,9053,64,E4,44,40522,9119,37,295
195,40370,9085,78,F#5,56,40888,9201,21,518
196,40388,9089,71,B4,59,40942,9213,5,554
197,40848,9192,64,E4,52,41312,9296,33,464
198,40862,9195,79,G5,57,41089,9246,46,228
199,41290,9291,57,A3,59,41451,9327,42,161
200,41290,9291,81,A5,60,41522,9343,39,232
201,41741,9392,74,D5,57,42129,9479,21,388
202,41741,9392,81,A5,59,42192,9493,28,451
203,41750,9394,71,B4,57,41929,9434,36,179
204,41750,9394,76,E5,63,42120,9477,17,371
205,41750,9394,72,C5,57,42120,9477,13,371
206,42152,9484,57,A3,60,42629,9591,60,478
207,42388,9537,79,G5,55,42857,9642,37,469
208,42848,9640,50,D3,60,44491,10008,33,1643
209,43040,9683,74,D5,55,43362,9755,17,321
210,43040,9683,78,F#5,54,43540,9795,57,500
211,43049,9685,72,C5,59,43442,9773,36,393
212,43491,9784,62,D4,67,44232,9950,37,741
213,43929,9882,86,D6,65,44089,9918,57,161
214,43929,9882,74,D5,68,44112,9923,53,183
215,44250,9954,84,C6,69,44420,9992,36,170
216,44250,9954,72,C5,75,44446,9998,50,196
217,44670,10048,71,B4,67,44991,10120,17,321
218,44670,10048,83,B5,67,45219,10171,33,549
219,44830,10084,55,G3,62,48321,10866,17,3491
220,45112,10147,67,G4,59,45763,10293,39,652
221,45250,10178,71,B4,62,45589,10254,37,339
222,45522,10239,74,D5,42,45612,10259,44,89
223,45692,10277,78,F#5,64,46071,10362,42,379
224,45701,10279,74,D5,63,45830,10308,15,129
225,45710,10281,71,B4,63,45911,10326,39,201
226,45960,10337,67,G4,41,46411,10438,44,451
227,46094,10367,71,B4,58,46219,10395,47,125
228,46402,10436,78,F#5,79,46879,10543,36,478
229,46411,10438,71,B4,70,46888,10545,36,478
230,46411,10438,74,D5,81,46870,10541,5,460
231,46420,10440,83,B5,68,46888,10545,48,469
232,46879,10543,67,G4,44,47540,10691,5,661
233,47049,10581,78,F#5,78,47259,10628,44,210
234,47062,10584,74,D5,79,47219,10619,5,156
235,47062,10584,71,B4,69,47362,10651,5,299
236,47071,10586,83,B5,73,47388,10657,35,317
237,47500,10682,82,A#5,60,47790,10747,48,290
238,47531,10689,71,B4,65,47799,10749,44,268
239,47812,10752,67,G4,57,48308,10863,23,496
240,47982,10790,83,B5,67,48250,10850,39,268
241,47982,10790,71,B4,63,48192,10837,31,210
242,48437,10892,84,C6,66,48719,10955,36,281
243,48759,10964,66,F#4,66,49219,11067,49,460
244,48902,10996,81,A5,59,49201,11063,42,299
245,48902,10996,84,C6,60,49219,11067,37,317
246,48902,10996,78,F#5,57,49201,11063,39,299
247,49192,11061,54,F#3,64,50312,11312,36,1121
248,49357,11098,78,F#5,60,49598,11152,44,241
249,49370,11101,81,A5,67,49598,11152,49,228
250,49799,11197,66,F#4,60,50232,11294,37,433
251,49812,11200,78,F#5,57,49991,11240,54,179
252,49812,11200,81,A5,60,49951,11231,54,138
253,50250,11298,75,D#5,62,50589,11374,36,339
254,50250,11298,78,F#5,61,50692,11397,36,442
255,50250,11298,59,B3,52,50339,11318,29,89
256,50259,11300,71,B4,59,50571,11370,47,312
257,50549,11365,59,B3,60,51098,11488,33,549
258,50710,11401,71,B4,68,50848,11432,52,138
259,51031,11473,78,F#5,88,51321,11538,36,290
260,51031,11473,71,B4,68,51299,11533,37,268
261,51031,11473,75,D#5,88,51321,11538,36,290
262,51451,11567,78,F#5,59,51741,11632,36,290
263,51451,11567,75,D#5,58,51750,11634,36,299
264,51460,11569,71,B4,61,51799,11645,23,339
265,51460,11569,83,B5,60,51951,11679,33,491
266,51670,11616,59,B3,64,51911,11670,44,241
267,52161,11726,76,E5,61,52812,11872,19,652
268,52170,11728,83,B5,59,52879,11887,33,710
269,52170,11728,79,G5,64,52879,11887,36,710
270,52170,11728,74,D5,59,52710,11849,36,540
271,52179,11730,55,G3,57,52330,11764,35,152
272,52629,11831,52,E3,66,52902,11892,57,272
273,53080,11932,57,A3,60,53969,12131,11,888
274,53089,11934,79,G5,59,53571,12042,13,482
275,53089,11934,73,C#5,70,53411,12006,36,321
276,53089,11934,81,A5,60,53549,12037,24,460
277,53089,11934,76,E5,59,53388,12001,3,299
278,53571,12042,73,C#5,72,53732,12078,61,161
279,53571,12042,69,A4,63,53830,12100,33,259
280,54031,12145,81,A5,57,54571,12266,33,540
281,54031,12145,77,F5,60,54540,12259,35,509
282,54040,12147,74,D5,63,54370,12221,46,330
283,54040,12147,62,D4,59,54219,12187,44,179
284,54379,12223,62,D4,61,54812,12320,39,433
285,54812,12320,77,F5,63,55330,12436,33,518
286,54812,12320,81,A5,60,55411,12454,19,598
287,54821,12322,74,D5,64,55281,12425,42,460
288,54821,12322,67,G4,58,55192,12405,52,371
289,55250,12418,67,G4,59,55750,12530,53,500
290,55469,12467,74,D5,68,56089,12606,3,621
291,56040,12595,54,F#3,79,57049,12821,54,1009
292,57000,12810,76,E5,61,57348,12888,31,348
293,57004,12811,81,A5,58,57308,12879,36,304
294,57009,12812,72,C5,62,57406,12901,5,397
295,57290,12875,54,F#3,56,57969,13027,47,679
296,57348,12888,79,G5,64,57799,12989,26,451
297,57692,12965,78,F#5,60,58290,13099,47,598
298,57969,13027,59,B3,66,59629,13399,52,1661
299,58299,13101,69,A4,57,58598,13168,37,299
300,58629,13175,75,D#5,58,58982,13254,50,353
301,58951,13247,71,B4,56,59719,13419,35,768
302,59281,13321,78,F#5,60,59620,13397,57,339
303,59629,13399,79,G5,61,59902,13460,49,272
304,59942,13469,52,E3,53,62732,14094,35,2790
305,59982,13478,76,E5,64,60549,13605,31,567
306,60290,13547,64,E4,52,62759,14100,21,2469
307,60549,13605,71,B4,55,60929,13690,35,379
308,60902,13684,74,D5,60,61241,13760,53,339
309,61219,13755,71,B4,49,61562,13832,36,344
310,61518,13822,74,D5,62,61647,13851,36,129
311,61799,13885,71,B4,53,62152,13964,3,353
312,61830,13892,74,D5,44,62152,13964,33,321
313,61870,13901,76,E5,35,62201,13975,49,330
314,61929,13914,79,G5,35,62259,13988,44,330
315,62482,14038,76,E5,49,62759,14100,17,277
316,62629,14071,78,F#5,44,62973,14148,36,344
317,62920,14136,79,G5,48,63129,14183,37,210
318,63308,14223,57,A3,37,64991,14600,5,1683
319,63362,14235,72,C5,50,64062,14392,29,701
320,63379,14239,69,A4,36,63500,14266,35,121
321,63379,14239,76,E5,53,64040,14387,31,661
322,63402,14244,79,G5,53,64045,14388,36,643
323,63442,14253,84,C6,26,64076,14395,41,634
324,63969,14371,69,A4,44,64920,14584,3,951
325,64272,14439,79,G5,49,64402,14468,50,129
326,64299,14445,72,C5,35,64491,14488,39,192
327,64362,14459,81,A5,44,64522,14495,49,161
328,64679,14530,79,G5,57,64870,14573,61,192
329,64687,14532,72,C5,49,64911,14582,35,223
330,65058,14615,62,D4,55,65339,14678,24,281
331,65080,14620,78,F#5,57,65661,14750,44,580
332,65089,14622,72,C5,50,65509,14716,42,420
333,65491,14712,62,D4,55,66098,14848,33,607
334,65647,14747,72,C5,59,66000,14826,15,353
335,65942,14813,74,D5,58,66370,14909,5,429
336,66339,14902,76,E5,55,66759,14996,24,420
337,66460,14929,62,D4,52,66955,15040,53,496
338,66781,15001,78,F#5,36,66960,15041,36,179
339,66942,15037,55,G3,61,68638,15417,36,1696
340,66978,15045,83,B5,63,67562,15176,26,585
341,67348,15128,62,D4,52,68580,15404,5,1232
342,67759,15220,67,G4,46,68370,15357,17,612
343,67772,15223,78,F#5,56,68071,15290,39,299
344,67772,15223,74,D5,55,68080,15292,26,308
345,67781,15225,71,B4,52,68370,15357,5,589
346,68089,15294,79,G5,59,68558,15399,28,469
347,68348,15352,78,F#5,56,68491,15384,59,143
348,68607,15410,60,C4,59,68888,15473,31,281
349,68629,15415,74,D5,52,69138,15529,36,509
350,68629,15415,76,E5,50,69161,15534,39,531
351,68638,15417,72,C5,54,69120,15525,41,482
352,69080,15516,60,C4,65,69741,15664,36,661
353,69357,15578,72,C5,64,69638,15641,39,281
354,69768,15670,76,E5,60,70120,15749,29,353
355,69772,15671,72,C5,59,70129,15751,23,357
356,69772,15671,74,D5,59,70049,15733,11,277
357,69920,15704,60,C4,64,70031,15729,59,112
358,70388,15809,54,F#3,60,72062,16184,21,1674
359,70830,15908,76,E5,62,71009,15948,35,179
360,70830,15908,81,A5,56,71040,15955,33,210
361,70839,15910,72,C5,53,71009,15948,35,170
362,71281,16009,76,E5,59,71469,16051,36,187
363,71281,16009,81,A5,57,71509,16060,33,228
364,71290,16011,72,C5,59,71638,16089,5,348
365,71580,16076,79,G5,59,71928,16154,28,348
366,71719,16107,66,F#4,56,71991,16168,48,272
367,72000,16170,78,F#5,46,72469,16275,44,469
368,72009,16172,75,D#5,53,72469,16275,44,460
369,72031,16177,59,B3,53,72290,16235,36,259
370,72040,16179,69,A4,50,72451,16271,33,411
371,72442,16269,59,B3,60,73652,16540,44,1210
372,72620,16309,69,A4,57,72790,16347,36,170
373,73049,16405,69,A4,60,73437,16492,15,388
374,73049,16405,75,D#5,68,73348,16472,28,299
375,73049,16405,78,F#5,74,73339,16470,37,290
376,73370,16477,79,G5,57,73518,16510,39,147
377,73607,16530,78,F#5,44,73790,16571,56,183
378,73620,16533,69,A4,44,73879,16591,21,259
379,73629,16535,75,D#5,47,73781,16569,42,152
380,73960,16609,52,E3,47,76928,17274,23,2969
381,73978,16613,76,E5,44,74241,16672,44,263
382,74268,16678,64,E4,48,74888,16817,29,621
383,74411,16710,67,G4,53,74549,16741,46,138
384,74728,16781,71,B4,63,75098,16864,37,371
385,75170,16880,74,D5,57,75442,16941,36,272
386,75330,16916,64,E4,53,75830,17028,33,500
387,75638,16985,69,A4,49,75723,17004,41,85
388,75808,17023,74,D5,63,76022,17071,31,214
389,75812,17024,76,E5,59,76170,17104,9,357
390,75812,17024,71,B4,63,75960,17057,36,147
391,75821,17026,69,A4,60,76040,17075,28,219
392,76549,17189,76,E5,68,76790,17243,36,241
393,76571,17194,64,E4,57,77022,17295,13,451
394,76710,17225,78,F#5,57,77022,17295,36,312
395,76982,17286,79,G5,59,77210,17337,23,228
396,77509,17404,57,A3,46,77652,17436,47,143
397,77540,17411,72,C5,52,78232,17566,5,692
398,77580,17420,76,E5,41,78299,17581,5,719
399,77589,17422,79,G5,41,79049,17749,5,1460
400,77629,17431,84,C6,42,78969,17731,5,1339
401,78219,17563,57,A3,64,78638,17657,39,420
402,79080,17756,60,C4,53,79201,17783,46,121
403,79152,17772,61,C#4,53,79348,17816,57,196
404,79290,17803,62,D4,49,81009,18188,39,1719
405,79647,17883,78,F#5,64,79781,17913,60,134
406,79661,17886,72,C5,56,79790,17915,50,129
407,80009,17964,78,F#5,88,80089,17982,61,80
408,80022,17967,72,C5,65,80112,17987,47,89
409,80272,18023,50,D3,59,80982,18182,36,710
410,80290,18027,72,C5,59,80531,18081,24,241
411,80290,18027,78,F#5,79,80509,18076,36,219
412,80629,18103,83,B5,65,80821,18146,39,192
413,80652,18108,72,C5,55,80839,18150,31,187
414,80661,18110,78,F#5,36,80790,18139,3,129
415,80969,18179,72,C5,57,81147,18219,7,179
416,80969,18179,81,A5,59,81138,18217,36,170
417,81281,18249,55,G3,58,82991,18632,9,1710
418,81312,18256,83,B5,63,81848,18376,5,536
419,81652,18332,67,G4,44,82540,18531,37,888
420,82009,18412,71,B4,57,82152,18444,36,143
421,82241,18464,71,B4,60,82661,18558,33,420
422,82241,18464,78,F#5,61,82620,18549,36,379
423,82250,18466,74,D5,70,82500,18522,26,250
424,82580,18540,83,B5,63,82768,18582,36,187
425,82732,18574,67,G4,56,82920,18616,44,187
426,83040,18643,60,C4,46,83228,18685,37,187
427,83049,18645,74,D5,59,83491,18744,35,442
428,83049,18645,72,C5,59,83460,18737,39,411
429,83049,18645,76,E5,63,83638,18777,3,589
430,83442,18733,60,C4,58,84022,18863,48,580
431,83629,18775,72,C5,63,83839,18822,36,210
432,84049,18869,72,C5,61,84348,18936,33,299
433,84049,18869,74,D5,64,84299,18925,29,250
434,84058,18871,76,E5,60,84295,18924,31,237
435,84370,18941,60,C4,60,84911,19062,36,540
436,84379,18943,76,E5,57,84549,18981,36,170
437,84388,18945,78,F#5,66,84701,19015,36,312
438,85049,19093,57,A3,64,85250,19138,28,201
439,85058,19095,76,E5,58,85299,19149,53,241
440,85062,19096,81,A5,53,85312,19152,44,250
441,85071,19098,72,C5,53,85312,19152,39,241
442,85509,19196,76,E5,66,86000,19306,35,491
443,85509,19196,72,C5,57,86009,19308,33,500
444,85509,19196,81,A5,58,86000,19306,36,491
445,85522,19199,57,A3,41,85620,19221,35,98
446,85969,19299,57,A3,53,86902,19508,44,933
447,86250,19362,72,C5,58,86509,19420,42,259
448,86250,19362,79,G5,63,86491,19416,39,241
449,86870,19501,59,B3,57,87241,19584,44,371
450,86879,19503,78,F#5,57,87379,19615,52,500
451,86879,19503,75,D#5,55,87379,19615,52,500
452,86888,19505,69,A4,44,87402,19620,37,513
453,87348,19608,59,B3,63,88009,19756,36,661
454,87607,19666,69,A4,56,87888,19729,36,281
455,87612,19667,78,F#5,60,87759,19700,41,147
456,87612,19667,75,D#5,60,87750,19698,48,138
457,87750,19698,79,G5,58,87920,19736,53,170
458,88049,19765,78,F#5,72,88219,19803,56,170
459,88049,19765,75,D#5,64,88210,19801,41,161
460,88071,19770,69,A4,58,88281,19817,29,210
461,88219,19803,59,B3,65,88531,19873,53,312
462,88513,19869,76,E5,50,88911,19958,46,397
463,88678,19906,64,E4,60,89049,19989,36,371
464,88969,19971,52,E3,44,90750,20370,59,1781
465,89129,20007,67,G4,57,89379,20063,21,250
466,89411,20070,69,A4,60,89888,20177,36,478
467,89848,20168,71,B4,59,90080,20220,29,232
468,90000,20202,64,E4,46,90469,20307,11,469
469,90312,20272,67,G4,47,90388,20289,37,76
470,90482,20310,76,E5,58,90661,20350,42,179
471,90491,20312,71,B4,61,90620,20341,49,129
472,90491,20312,69,A4,59,90612,20339,49,121
473,90491,20312,67,G4,56,90638,20345,36,147
474,90969,20419,67,G4,57,91232,20478,19,263
475,90969,20419,76,E5,59,91232,20478,15,263
476,91290,20491,52,E3,59,92348,20728,28,1058
477,91460,20529,75,D#5,60,91879,20623,39,420
478,91469,20531,67,G4,57,91951,20639,26,482
479,91911,20630,64,E4,49,92411,20742,24,500
480,91911,20630,76,E5,57,92040,20659,47,129
481,92348,20728,54,F#3,60,92531,20769,48,183
482,92362,20731,78,F#5,59,92531,20769,41,170
483,92370,20733,72,C5,53,92562,20776,36,192
484,92379,20735,76,E5,64,92531,20769,35,152
485,92808,20831,78,F#5,55,93272,20935,56,464
486,92812,20832,76,E5,61,93201,20919,24,388
487,92821,20834,72,C5,52,93259,20932,31,437
488,93250,20930,54,F#3,79,93620,21013,59,371
489,93598,21008,72,C5,64,93808,21055,35,210
490,93598,21008,76,E5,73,93821,21058,26,223
491,93732,21038,54,F#3,67,94192,21141,50,460
492,94062,21112,72,C5,56,94161,21134,44,98
493,94170,21136,59,B3,63,94678,21250,53,509
494,94638,21241,75,D#5,53,94951,21311,56,312
495,94638,21241,78,F#5,41,94960,21313,50,321
496,94652,21244,71,B4,53,94969,21315,44,317
497,94942,21309,59,B3,58,95210,21369,36,268
498,95120,21349,76,E5,57,95321,21394,57,201
499,95129,21351,71,B4,57,95379,21407,5,250
500,95129,21351,75,D#5,47,95250,21378,31,121
501,95549,21445,78,F#5,60,95821,21506,36,272
502,95558,21447,59,B3,57,96018,21550,47,460
503,95571,21450,71,B4,59,95781,21497,31,210
504,96031,21553,71,B4,57,96201,21591,33,170
505,96031,21553,76,E5,59,96161,21582,41,129
506,96031,21553,79,G5,56,96170,21584,35,138
507,96031,21553,64,E4,54,96571,21674,7,540
508,96031,21553,74,D5,58,96152,21580,35,121
509,96482,21654,79,G5,53,97129,21799,31,647
510,96482,21654,74,D5,60,97062,21784,5,580
511,96482,21654,76,E5,57,97112,21795,23,629
512,96491,21656,71,B4,57,96839,21734,28,348
513,96759,21716,52,E3,59,98379,22079,37,1621
514,97241,21824,64,E4,64,97728,21933,35,487
515,97281,21833,71,B4,62,97469,21875,36,187
516,97428,21866,74,D5,57,97540,21891,41,112
517,97732,21934,74,D5,50,98201,22039,23,469
518,97741,21936,76,E5,57,98219,22043,36,478
519,97741,21936,79,G5,47,98228,22045,46,487
520,97741,21936,71,B4,49,98219,22043,36,478
521,98178,22034,64,E4,55,98732,22158,36,554
522,98370,22077,76,E5,64,98670,22144,36,299
523,98370,22077,74,D5,64,98652,22140,33,281
524,98370,22077,71,B4,60,98661,22142,31,290
525,98370,22077,79,G5,59,98638,22137,36,268
526,98652,22140,52,E3,53,99629,22359,5,978
527,98812,22176,78,F#5,55,99250,22274,3,437
528,98830,22180,74,D5,59,99089,22238,26,259
529,98830,22180,71,B4,56,99129,22247,29,299
530,99281,22281,64,E4,50,99759,22388,19,478
531,99290,22283,79,G5,63,99411,22310,48,121
532,99308,22287,78,F#5,44,99348,22296,36,40
533,99741,22384,72,C5,46,99928,22426,37,187
534,99750,22386,57,A3,56,99888,22417,35,138
535,99750,22386,79,G5,46,99911,22422,31,161
536,99750,22386,76,E5,57,99911,22422,39,161
537,99759,22388,81,A5,49,99928,22426,36,170
538,100201,22487,81,A5,61,100710,22601,39,509
539,100201,22487,72,C5,58,100701,22599,35,500
540,100201,22487,76,E5,66,100687,22596,37,487
541,100661,22590,57,A3,64,100969,22659,41,308
542,100942,22653,76,E5,60,101379,22751,15,437
543,100942,22653,79,G5,59,101442,22765,33,500
544,100951,22655,72,C5,57,101362,22747,17,411
545,101009,22668,60,C4,56,101170,22704,36,161
546,101411,22758,61,C#4,53,101629,22807,61,219
547,101598,22800,62,D4,57,102080,22908,33,482
548,101661,22814,78,F#5,61,102210,22937,64,549
549,101670,22816,72,C5,59,102210,22937,64,540
550,102071,22906,50,D3,61,102210,22937,64,138
551,102317,22961,64,E4,23,105737,23727,31,3420
552,102344,22967,76,E5,50,104656,23485,37,2312
553,102388,22977,79,G5,33,104058,23351,5,1670
554,102437,22988,83,B5,35,104576,23467,29,2138
555,102509,23004,88,E6,50,104616,23476,39,2107
556,105388,23649,76,E5,54,105786,23738,37,397
557,105714,23722,78,F#5,59,106036,23794,39,321
558,105987,23783,79,G5,57,106295,23852,31,308
559,106375,23870,57,A3,41,108236,24287,5,1862
560,106509,23900,69,A4,28,106656,23933,39,147
561,106527,23904,72,C5,36,107214,24058,23,687
562,106567,23913,76,E5,44,107308,24079,17,741
563,106567,23913,79,G5,57,107567,24137,33,1000
564,106576,23915,84,C6,44,107455,24112,7,879
565,107067,24025,69,A4,53,107986,24231,19,920
566,107567,24137,72,C5,61,107915,24215,36,348
567,107857,24202,76,E5,62,108205,24280,36,348
568,108147,24267,79,G5,59,108335,24309,46,187
569,108437,24332,62,D4,53,108678,24386,48,241
570,108536,24354,72,C5,35,109036,24466,41,500
571,108536,24354,78,F#5,44,108995,24457,36,460
572,108576,24363,81,A5,57,108955,24448,44,379
573,109027,24464,62,D4,64,109268,24518,44,241
574,109259,24516,78,F#5,55,109728,24621,47,469
575,109268,24518,81,A5,47,109736,24623,37,469
576,109277,24520,72,C5,49,109745,24625,42,469
577,109799,24637,62,D4,64,109946,24670,41,147
578,109897,24659,81,A5,57,110107,24706,28,210
579,109897,24659,78,F#5,61,110116,24708,36,219
580,109906,24661,72,C5,60,110147,24715,29,241
581,110174,24721,65,F4,56,110308,24751,52,134
582,110268,24742,66,F#4,60,110437,24780,60,170
583,110406,24773,67,G4,62,110995,24905,44,589
584,110866,24876,74,D5,63,111018,24910,44,152
585,110875,24878,71,B4,57,111036,24914,41,161
586,110875,24878,78,F#5,57,111027,24912,49,152
587,111286,24970,78,F#5,64,111495,25017,52,210
588,111286,24970,74,D5,67,111464,25010,35,179
589,111295,24972,71,B4,59,111486,25015,36,192
590,111527,25024,55,G3,60,112236,25183,15,710
591,111625,25046,73,C#5,42,111656,25053,36,31
592,111634,25048,79,G5,67,111817,25089,35,183
593,111634,25048,71,B4,63,111826,25091,29,192
594,111638,25049,74,D5,72,111786,25082,26,147
595,111915,25111,78,F#5,61,112156,25165,37,241
596,111937,25116,71,B4,53,112018,25134,41,80
597,112228,25181,60,C4,59,112495,25241,37,268
598,112245,25185,76,E5,64,112705,25288,50,460
599,112245,25185,74,D5,57,112674,25281,41,429
600,112259,25188,72,C5,57,112687,25284,42,429
601,112687,25284,60,C4,54,113036,25362,37,348
602,112906,25333,72,C5,56,113245,25409,44,339
603,113366,25436,72,C5,58,113536,25474,44,170
604,113366,25436,74,D5,59,113536,25474,35,170
605,113366,25436,76,E5,60,113777,25528,5,411
606,113509,25468,60,C4,67,113728,25517,46,219
607,113795,25532,72,C5,52,113978,25573,36,183
608,113946,25566,66,F#4,72,114428,25674,52,482
609,114397,25667,76,E5,67,114607,25714,35,210
610,114397,25667,78,F#5,68,114616,25716,48,219
611,114406,25669,72,C5,58,114625,25718,36,219
612,114835,25765,75,D#5,50,114853,25769,49,18
613,114835,25765,76,E5,68,115058,25815,29,223
614,114835,25765,81,A5,59,115067,25817,33,232
615,114835,25765,72,C5,59,115085,25821,35,250
616,114835,25765,78,F#5,67,115058,25815,36,223
617,115174,25841,79,G5,64,115357,25882,46,183
618,115196,25846,72,C5,60,115384,25888,36,187
619,115196,25846,66,F#4,64,115647,25947,55,451
620,115625,25942,59,B3,64,115915,26007,42,290
621,115625,25942,78,F#5,57,116058,26039,50,433
622,115638,25945,75,D#5,57,116062,26040,44,424
623,115647,25947,69,A4,49,116076,26043,37,429
624,116058,26039,59,B3,61,116616,26164,39,558
625,116228,26077,78,F#5,63,116384,26112,44,156
626,116228,26077,75,D#5,62,116388,26113,44,161
627,116236,26079,69,A4,59,116397,26115,37,161
628,116638,26169,79,G5,70,116857,26218,35,219
629,116638,26169,69,A4,59,117027,26256,36,388
630,116656,26173,75,D#5,44,116705,26184,31,49
631,116955,26240,78,F#5,60,117067,26265,47,112
632,116986,26247,59,B3,63,117326,26323,58,339
633,117335,26325,79,G5,46,117598,26384,44,263
634,117558,26375,64,E4,64,117875,26446,48,317
635,117817,26433,52,E3,61,120647,27067,21,2830
636,117978,26469,71,B4,64,118147,26507,36,170
637,118277,26536,74,D5,60,118558,26599,35,281
638,118286,26538,76,E5,63,118576,26603,36,290
639,118295,26540,71,B4,63,118558,26599,37,263
640,118719,26635,79,G5,57,118866,26668,52,147
641,118835,26661,64,E4,50,119027,26704,50,192
642,119147,26731,64,E4,58,119348,26776,37,201
643,119295,26764,76,E5,60,119585,26829,26,290
644,119308,26767,74,D5,58,119536,26818,29,228
645,119308,26767,79,G5,63,119696,26854,15,388
646,119308,26767,83,B5,58,119656,26845,13,348
647,119585,26829,64,E4,53,120004,26923,35,420
648,119728,26861,74,D5,58,119826,26883,37,98
649,120027,26928,79,G5,60,120268,26982,44,241
650,120027,26928,76,E5,59,120236,26975,41,210
651,120036,26930,83,B5,57,120317,26993,57,281
652,120036,26930,74,D5,59,120259,26980,39,223
653,120478,27029,88,E6,69,120728,27085,28,250
654,120607,27058,64,E4,48,120736,27087,53,129
655,121036,27154,57,A3,50,122486,27479,5,1451
656,121094,27167,79,G5,53,121259,27204,44,165
657,121098,27168,88,E6,58,121245,27201,41,147
658,121098,27168,84,C6,60,121236,27199,49,138
659,121388,27233,79,G5,58,121625,27286,33,237
660,121388,27233,88,E6,58,121607,27282,37,219
661,121388,27233,84,C6,65,121616,27284,37,228
662,121786,27322,84,C6,66,121866,27340,53,80
663,121786,27322,79,G5,61,121888,27345,52,103
664,121795,27324,88,E6,60,121875,27342,44,80
665,121978,27365,88,E6,63,122187,27412,50,210
666,121986,27367,84,C6,64,122138,27401,5,152
667,121986,27367,79,G5,59,122178,27410,42,192
668,122286,27434,86,D6,64,122446,27470,44,161
669,122295,27436,79,G5,63,122437,27468,35,143
670,122406,27461,69,A4,57,122585,27501,42,179
671,122647,27515,84,C6,59,122768,27542,37,121
672,122866,27564,62,D4,47,124527,27936,5,1661
673,122875,27566,84,C6,60,123446,27694,3,571
674,122884,27568,81,A5,59,123187,27636,15,304
675,122924,27577,78,F#5,47,123268,27654,39,344
676,123219,27643,74,D5,57,123955,27808,31,737
677,123585,27725,78,F#5,64,123906,27797,35,321
678,123978,27813,81,A5,62,124375,27902,21,397
679,123986,27815,78,F#5,48,124446,27918,5,460
680,124147,27851,74,D5,56,124486,27927,17,339
681,124406,27909,84,C6,57,124558,27943,19,152
682,124576,27947,67,G4,44,125196,28086,31,621
683,124607,27954,78,F#5,60,124745,27985,41,138
684,124607,27954,88,E6,54,124768,27990,35,161
685,124607,27954,84,C6,42,124705,27976,37,98
686,124915,28023,88,E6,68,125107,28066,36,192
687,124924,28025,78,F#5,67,125094,28063,39,170
688,124937,28028,84,C6,50,124986,28039,33,49
689,125308,28111,78,F#5,58,125406,28133,49,98
690,125308,28111,86,D6,60,125415,28135,53,107
691,125326,28115,67,G4,59,125545,28164,35,219
692,125536,28162,86,D6,68,125777,28216,36,241
693,125545,28164,78,F#5,74,125759,28212,33,214
694,125835,28229,84,C6,68,125955,28256,57,121
695,125924,28249,67,G4,59,126406,28357,52,482
696,126138,28297,83,B5,62,126308,28335,52,170
697,126415,28359,60,C4,54,128219,28763,11,1804
698,126424,28361,83,B5,68,126625,28406,52,201
699,126437,28364,79,G5,62,126817,28449,31,379
700,126906,28469,67,G4,57,127567,28617,33,661
701,127165,28527,72,C5,59,127446,28590,41,281
702,127594,28623,76,E5,60,127915,28695,11,321
703,127598,28624,79,G5,61,127955,28704,37,357
704,127607,28626,83,B5,53,128085,28733,35,478
705,127616,28628,72,C5,57,127875,28686,17,259
706,127745,28657,67,G4,60,128004,28715,9,259
707,128245,28769,78,F#5,57,128397,28803,54,152
708,128259,28772,66,F#4,60,128558,28839,37,299
709,128259,28772,81,A5,52,128406,28805,44,147
710,128259,28772,75,D#5,59,128406,28805,48,147
711,128277,28776,72,C5,52,128406,28805,13,129
712,128558,28839,78,F#5,59,128754,28883,39,196
713,128567,28841,72,C5,58,128768,28886,35,201
714,128567,28841,75,D#5,57,128759,28884,37,192
715,128567,28841,81,A5,56,128754,28883,35,187
716,128937,28924,72,C5,59,129076,28955,36,138
717,128937,28924,81,A5,60,129076,28955,50,138
718,128937,28924,78,F#5,54,129058,28951,47,121
719,128937,28924,75,D#5,57,129058,28951,44,121
720,129187,28980,78,F#5,62,129397,29027,39,210
721,129196,28982,75,D#5,61,129388,29025,44,192
722,129196,28982,66,F#4,60,130156,29197,53,960
723,129205,28984,81,A5,64,129335,29013,49,129
724,129205,28984,72,C5,60,129464,29042,33,259
725,129536,29058,79,G5,62,129768,29110,35,232
726,129545,29060,81,A5,60,129745,29105,15,201
727,130187,29204,78,F#5,64,130656,29309,52,469
728,130196,29206,69,A4,52,130687,29316,33,491
729,130196,29206,75,D#5,64,130656,29309,46,460
730,130196,29206,59,B3,37,130995,29385,42,799
731,130897,29363,69,A4,47,131187,29428,31,290
732,130897,29363,78,F#5,66,131094,29407,37,196
733,130897,29363,75,D#5,64,131098,29408,44,201
734,131076,29403,79,G5,60,131277,29448,33,201
735,131357,29466,59,B3,58,131567,29513,44,210
736,131366,29468,78,F#5,59,131808,29567,50,442
737,131857,29578,76,E5,64,132058,29623,44,201
738,131986,29607,52,E3,60,135469,30387,13,3482
739,132245,29665,64,E4,57,132705,29768,41,460
740,132388,29697,67,G4,58,132585,29741,35,196
741,132687,29764,71,B4,60,133094,29855,39,406
742,133085,29853,74,D5,59,133326,29907,31,241
743,133219,29883,64,E4,57,133665,29983,3,446
744,133518,29950,67,G4,56,133786,30010,42,268
745,133678,29986,76,E5,64,133835,30021,42,156
746,133687,29988,74,D5,61,133795,30012,46,107
747,133687,29988,71,B4,66,133786,30010,52,98
748,134138,30089,76,E5,70,134388,30145,49,250
749,134406,30149,64,E4,58,135335,30357,3,929
750,134567,30185,74,D5,73,134978,30277,3,411
751,135009,30284,76,E5,59,135107,30306,64,98
752,135455,30384,54,F#3,57,135594,30415,44,138
753,135464,30386,78,F#5,53,135638,30425,49,174
754,135469,30387,72,C5,57,135625,30422,41,156
755,135469,30387,76,E5,59,135616,30420,46,147
756,135906,30485,78,F#5,61,136428,30602,5,522
757,135915,30487,72,C5,52,136335,30581,3,420
758,135915,30487,76,E5,64,136214,30554,50,299
759,136205,30552,54,F#3,93,136687,30660,59,482
760,136687,30660,72,C5,65,136897,30707,39,210
761,136826,30691,54,F#3,79,137286,30794,54,460
762,136848,30696,76,E5,65,137147,30763,42,299
763,137138,30761,78,F#5,61,137335,30805,33,196
764,137295,30796,59,B3,66,137795,30908,53,500
765,137777,30904,78,F#5,59,138036,30962,37,259
766,137777,30904,75,D#5,61,138085,30973,24,308
767,137786,30906,69,A4,60,138085,30973,36,299
768,138067,30969,59,B3,64,138308,31023,36,241
769,138219,31003,75,D#5,37,138509,31068,35,290
770,138228,31005,76,E5,61,138518,31070,33,290
771,138236,31007,69,A4,59,138518,31070,33,281
772,138678,31106,78,F#5,57,139058,31191,33,379
773,138687,31108,59,B3,61,139205,31224,53,518
774,138705,31112,69,A4,35,138888,31153,5,183
775,139138,31209,60,C4,60,139366,31260,37,228
776,139165,31215,79,G5,53,139375,31262,36,210
777,139165,31215,76,E5,58,139357,31258,36,192
778,139178,31218,74,D5,59,139245,31233,36,67
779,139187,31220,72,C5,65,139348,31256,36,161
780,139656,31325,79,G5,55,140375,31486,9,719
781,140446,31502,64,E4,73,141036,31634,48,589
782,140585,31533,71,B4,68,140826,31587,31,241
783,140875,31598,74,D5,62,140978,31621,50,103
784,141018,31630,74,D5,64,141245,31681,13,228
785,141027,31632,79,G5,64,141317,31697,36,290
786,141027,31632,71,B4,66,141317,31697,33,290
787,141027,31632,76,E5,75,141295,31692,36,268
788,141464,31730,79,G5,62,141759,31796,42,295
789,141469,31731,76,E5,63,141754,31795,36,286
790,141469,31731,74,D5,61,141745,31793,35,277
791,141469,31731,71,B4,58,141768,31798,36,299
792,141745,31793,64,E4,68,141946,31838,52,201
793,141897,31827,78,F#5,59,142187,31892,36,290
794,141915,31831,74,D5,64,142116,31876,31,201
795,141915,31831,71,B4,60,142156,31885,29,241
796,142116,31876,64,E4,67,142786,32026,36,670
797,142357,31930,79,G5,70,142486,31959,44,129
798,142817,32033,76,E5,49,143009,32076,36,192
799,142817,32033,81,A5,57,143027,32080,37,210
800,142826,32035,57,A3,58,143156,32109,21,330
801,142826,32035,72,C5,53,143027,32080,33,201
802,143268,32134,81,A5,60,143585,32205,35,317
803,143268,32134,76,E5,64,143576,32203,33,308
804,143268,32134,72,C5,59,143576,32203,24,308
805,143607,32210,57,A3,49,144495,32409,42,888
806,143768,32246,79,G5,60,144446,32398,36,679
807,143777,32248,76,E5,57,144308,32367,5,531
808,143777,32248,72,C5,56,144214,32346,5,437
809,144469,32403,62,D4,64,144705,32456,44,237
810,144478,32405,78,F#5,59,145044,32532,39,567
811,144486,32407,72,C5,56,144835,32485,47,348
812,144848,32488,62,D4,58,145058,32535,53,210
813,145036,32530,72,C5,63,145335,32597,33,299
814,145228,32573,62,D4,57,146156,32781,44,929
815,145486,32631,86,D6,60,145647,32667,46,161
816,145504,32635,74,D5,72,145687,32676,48,183
817,145808,32703,72,C5,70,146018,32750,42,210
818,145808,32703,84,C6,64,145986,32743,50,179
819,146196,32790,83,B5,65,146607,32882,24,411
820,146205,32792,71,B4,59,146446,32846,29,241
821,146348,32824,55,G3,60,148397,33283,28,2049
822,146616,32884,62,D4,61,148236,33247,3,1621
823,146808,32927,67,G4,57,148138,33225,33,1330
824,147044,32980,71,B4,59,147656,33117,35,612
825,147469,33075,74,D5,57,147759,33140,29,290
826,147638,33113,78,F#5,59,147928,33178,48,290
827,147928,33178,71,B4,53,148036,33202,42,107
828,148067,33209,83,B5,61,148286,33258,37,219
829,148067,33209,78,F#5,66,148277,33256,44,210
830,148076,33211,74,D5,66,148254,33251,37,179
831,148076,33211,71,B4,53,148277,33256,33,201
832,148509,33308,71,B4,58,149486,33527,5,978
833,148509,33308,78,F#5,63,148745,33361,33,237
834,148509,33308,83,B5,63,148888,33393,21,379
835,148518,33310,74,D5,64,148656,33341,26,138
836,148759,33364,55,G3,50,149768,33590,3,1009
837,148969,33411,82,A#5,62,149406,33509,36,437
838,149348,33496,67,G4,52,149897,33619,28,549
839,149437,33516,83,B5,53,149576,33547,44,138
840,149866,33612,84,C6,60,150058,33655,42,192
841,150317,33713,84,C6,68,150736,33807,19,420
842,150745,33809,66,F#4,59,150906,33845,59,161
843,150768,33814,81,A5,57,151058,33879,46,290
844,150777,33816,78,F#5,60,151044,33876,37,268
845,150786,33818,84,C6,41,150906,33845,36,121
846,151058,33879,66,F#4,66,151245,33921,54,187
847,151205,33912,81,A5,60,151527,33984,48,321
848,151205,33912,78,F#5,57,151495,33977,36,290
849,151678,34018,71,B4,59,151866,34060,42,187
850,151696,34022,78,F#5,64,151946,34078,60,250
851,152036,34098,71,B4,52,152156,34125,63,121
852,152357,34170,78,F#5,47,152808,34271,33,451
853,152366,34172,75,D#5,54,152786,34266,33,420
854,152375,34174,69,A4,44,152728,34253,28,353
855,152866,34284,83,B5,67,153348,34392,35,482
856,153437,34412,52,E3,59,154147,34571,31,710
857,153536,34434,64,E4,44,153647,34459,36,112
858,153585,34445,76,E5,57,154076,34555,5,491
859,153585,34445,74,D5,42,153955,34528,31,371
860,153585,34445,79,G5,60,154286,34602,3,701
861,153594,34447,83,B5,59,154326,34611,5,732
862,154027,34544,64,E4,68,154214,34586,44,187
863,154326,34611,74,D5,55,154406,34629,56,80
864,154469,34643,57,A3,58,155437,34860,7,969
865,154495,34649,83,B5,58,155116,34788,3,621
866,154495,34649,79,G5,63,155116,34788,29,621
867,154495,34649,76,E5,64,154986,34759,3,491
868,154518,34654,72,C5,64,154897,34739,33,379
869,154946,34750,69,A4,58,155366,34844,21,420
870,155415,34855,62,D4,59,155585,34893,44,170
871,155428,34858,77,F5,60,155924,34969,35,496
872,155437,34860,74,D5,57,155857,34954,29,420
873,155437,34860,83,B5,61,155955,34976,28,518
874,155786,34938,62,D4,44,156236,35039,52,451
875,156236,35039,83,B5,62,156875,35182,3,638
876,156259,35044,79,G5,53,156317,35057,29,58
877,156268,35046,69,A4,57,156794,35164,24,527
878,156777,35160,67,G4,59,157469,35315,46,692
879,156946,35198,74,D5,64,157245,35265,36,299
880,157424,35305,76,E5,58,157817,35393,13,393
881,157428,35306,60,C4,60,158504,35547,31,1076
882,157428,35306,83,B5,57,157817,35393,33,388
883,157437,35308,72,C5,56,158009,35436,31,571
884,157437,35308,79,G5,62,157808,35391,9,371
885,157866,35404,81,A5,50,158335,35509,35,469
886,158366,35516,79,G5,61,158978,35653,36,612
887,158995,35657,60,C4,46,159116,35684,48,121
888,159228,35709,78,F#5,56,159754,35827,49,527
889,159236,35711,59,B3,52,160870,36077,15,1634
890,159254,35715,57,A3,36,159326,35731,44,71
891,159714,35818,66,F#4,57,160576,36011,60,862
892,159995,35881,78,F#5,56,160437,35980,36,442
893,160009,35884,75,D#5,58,160469,35987,26,460
894,160018,35886,71,B4,52,160567,36009,29,549
895,160446,35982,79,G5,48,160906,36085,29,460
896,160687,36036,66,F#4,61,160848,36072,53,161
897,160915,36087,78,F#5,36,161147,36139,47,232
898,161134,36136,64,E4,50,161478,36213,44,344
899,161147,36139,76,E5,47,161446,36206,44,299
900,161424,36201,52,E3,60,163178,36594,41,1754
901,161585,36237,64,E4,60,162375,36414,39,790
902,161888,36305,67,G4,53,162415,36423,26,527
903,162335,36405,71,B4,56,162817,36513,28,482
904,162544,36452,64,E4,42,163044,36564,35,500
905,162826,36515,67,G4,49,163125,36582,39,299
906,162995,36553,74,D5,58,163174,36593,53,179
907,163009,36556,71,B4,63,163116,36580,42,107
908,163009,36556,76,E5,56,163165,36591,23,156
909,163469,36659,76,E5,68,163906,36757,24,437
910,163937,36764,78,F#5,66,164277,36840,53,339
911,164286,36842,79,G5,65,164455,36880,49,170
912,164598,36912,57,A3,57,165625,37142,35,1027
913,164656,36925,72,C5,56,165223,37052,46,567
914,164678,36930,69,A4,37,165156,37037,44,478
915,164696,36934,79,G5,56,165277,37064,44,580
916,164696,36934,76,E5,56,165254,37059,42,558
917,164745,36945,84,C6,39,165397,37091,19,652
918,165236,37055,69,A4,61,165518,37118,35,281
919,165397,37091,72,C5,61,165759,37172,31,362
920,165696,37158,84,C6,52,165794,37180,50,98
921,165866,37196,79,G5,65,166455,37328,46,589
922,165875,37198,72,C5,64,166219,37275,33,344
923,166236,37279,62,D4,64,166678,37378,46,442
924,166625,37366,50,D3,61,168178,37714,37,1554
925,166866,37420,78,F#5,62,167544,37572,33,679
926,166875,37422,72,C5,59,167464,37554,24,589
927,167366,37532,62,D4,57,168205,37720,48,839
928,167835,37637,74,D5,64,168245,37729,29,411
929,168165,37711,76,E5,62,168585,37805,3,420
930,168527,37792,78,F#5,57,168728,37837,41,201
931,168705,37832,83,B5,57,169085,37917,28,379
932,168705,37832,55,G3,60,170205,38168,64,1500
933,168986,37895,67,G4,48,169486,38007,33,500
934,169134,37928,71,B4,57,169308,37967,35,174
935,169437,37996,74,D5,61,169794,38076,36,357
936,169437,37996,78,F#5,60,169826,38083,36,388
937,169446,37998,71,B4,57,169794,38076,35,348
938,169906,38101,83,B5,57,170156,38157,35,250
939,169906,38101,78,F#5,41,170205,38168,64,299
940,169915,38103,74,D5,59,170085,38141,24,170
941,169928,38106,71,B4,56,170076,38139,33,147
942,170058,38135,67,G4,53,170205,38168,64,147
943,171353,38425,79,G5,63,171562,38472,28,210
944,171714,38506,57,A3,53,172053,38582,46,339
945,171835,38533,69,A4,44,173473,38900,11,1638
946,171844,38535,72,C5,58,172254,38627,41,411
947,171884,38544,76,E5,36,172464,38674,3,580
948,171915,38551,79,G5,36,172433,38667,33,518
949,171986,38567,84,C6,53,172504,38683,33,518
950,172223,38620,57,A3,57,173794,38972,5,1571
951,172415,38663,72,C5,58,172594,38703,37,179
952,172835,38757,79,G5,58,173223,38844,33,388
953,172835,38757,76,E5,57,173223,38844,33,388
954,172835,38757,81,A5,48,173143,38826,15,308
955,172844,38759,72,C5,57,173424,38889,3,580
956,173183,38835,84,C6,52,173406,38885,35,223
957,173464,38898,81,A5,57,173705,38952,21,241
958,173794,38972,62,D4,60,174277,39080,49,482
959,173812,38976,72,C5,55,174504,39131,39,692
960,173812,38976,78,F#5,60,174585,39149,36,772
961,174576,39147,62,D4,53,175625,39382,28,1049
962,174745,39185,72,C5,59,174946,39230,35,201
963,175053,39254,74,D5,61,175254,39299,31,201
964,175366,39324,78,F#5,59,175643,39386,36,277
965,175366,39324,72,C5,36,175544,39364,29,179
966,175696,39398,59,B3,62,175973,39460,42,277
967,176125,39494,55,G3,63,177393,39778,44,1268
968,176611,39603,78,F#5,52,177344,39767,37,732
969,176616,39604,71,B4,42,176875,39662,13,259
970,176625,39606,74,D5,57,176857,39658,24,232
971,176973,39684,83,B5,55,177111,39715,46,138
972,177326,39763,81,A5,53,177433,39787,53,107
973,177594,39823,64,E4,59,177794,39868,53,201
974,177616,39828,74,D5,57,177763,39861,33,147
975,177625,39830,76,E5,62,177763,39861,28,138
976,177625,39830,71,B4,55,177803,39870,41,179
977,177634,39832,79,G5,64,177794,39868,42,161
978,182335,40885,54,F#3,57,184102,41281,36,1768
979,182446,40910,66,F#4,58,183455,41136,39,1009
980,182602,40945,72,C5,61,183085,41053,35,482
981,182643,40954,76,E5,53,183085,41053,37,442
982,182705,40968,78,F#5,62,183102,41057,47,397
983,183393,41122,78,F#5,93,183777,41208,53,384
984,183402,41124,76,E5,86,183643,41178,41,241
985,183406,41125,72,C5,67,183665,41183,39,259
986,183674,41185,66,F#4,50,183964,41250,36,290
987,183745,41201,76,E5,67,184134,41288,33,388
988,184156,41293,74,D5,56,184352,41337,39,196
989,184303,41326,59,B3,61,185553,41606,53,1250
990,184634,41400,69,A4,53,184736,41423,53,103
991,184643,41402,71,B4,48,184852,41449,31,210
992,184786,41434,75,D#5,60,184942,41469,44,156
993,185094,41503,75,D#5,76,185424,41577,49,330
994,185102,41505,71,B4,62,185424,41577,41,321
995,185102,41505,78,F#5,79,185424,41577,50,321
996,185536,41602,78,F#5,64,185763,41653,41,228
997,185536,41602,75,D#5,63,185763,41653,36,228
998,185553,41606,81,A5,57,185763,41653,33,210
999,185553,41606,71,B4,58,185826,41667,19,272
1000,185665,41631,59,B3,61,186053,41718,65,388
1001,185924,41689,78,F#5,53,186053,41718,53,129
1002,186102,41729,64,E4,61,186504,41819,36,402
1003,186375,41790,71,B4,59,186544,41828,35,170
1004,186473,41812,52,E3,62,187924,42137,57,1451
1005,186803,41886,74,D5,69,187143,41962,36,339
1006,186812,41888,71,B4,63,187116,41956,46,304
1007,186826,41891,76,E5,66,187205,41976,29,379
1008,187254,41987,71,B4,61,187424,42025,35,170
1009,187375,42014,64,E4,50,187852,42121,33,478
1010,187844,42119,76,E5,53,188004,42155,47,161
1011,187852,42121,71,B4,54,188044,42164,29,192
1012,187852,42121,79,G5,53,188027,42160,37,174
1013,187852,42121,74,D5,56,187995,42153,36,143
1014,188254,42211,52,E3,49,188335,42229,33,80
1015,188312,42224,79,G5,62,188486,42263,36,174
1016,188692,42309,78,F#5,67,188986,42375,36,295
1017,189044,42388,52,E3,53,189245,42433,41,201
1018,189156,42413,79,G5,59,189455,42480,29,299
1019,190013,42605,54,F#3,36,191294,42892,41,1281
1020,190504,42715,78,F#5,54,190665,42751,56,161
1021,190504,42715,76,E5,58,190656,42749,46,152
1022,190504,42715,72,C5,55,190683,42755,44,179
1023,190812,42784,78,F#5,67,191036,42834,41,223
1024,190826,42787,72,C5,57,191013,42829,33,187
1025,190826,42787,76,E5,67,190995,42825,36,170
1026,190973,42820,66,F#4,44,191326,42899,42,353
1027,191294,42892,72,C5,52,191352,42905,52,58
1028,191455,42928,75,D#5,59,191763,42997,36,308
1029,191455,42928,78,F#5,53,191777,43000,41,321
1030,191473,42932,71,B4,59,191754,42995,31,281
1031,191794,43004,59,B3,65,192312,43120,36,518
1032,191942,43037,71,B4,64,192076,43067,44,134
1033,192263,43109,78,F#5,84,192585,43181,44,321
1034,192263,43109,71,B4,64,192616,43188,44,353
1035,192263,43109,75,D#5,79,192602,43185,42,339
1036,192732,43214,75,D#5,54,192794,43228,37,62
1037,192754,43219,71,B4,59,192924,43257,28,170
1038,192763,43221,76,E5,61,192933,43259,37,170
1039,192844,43239,59,B3,62,193165,43311,42,321
1040,193102,43297,78,F#5,57,193245,43329,42,143
1041,193134,43304,71,B4,9,193183,43315,42,49
1042,193303,43342,64,E4,46,193826,43459,26,522
1043,193335,43349,74,D5,60,193473,43380,26,138
1044,193344,43351,71,B4,58,193522,43391,35,179
1045,193344,43351,79,G5,62,193522,43391,39,179
1046,193344,43351,76,E5,65,193504,43387,47,161
1047,193826,43459,52,E3,59,194634,43640,53,808
1048,194294,43564,64,E4,42,194634,43640,50,339
1049,194616,43636,79,G5,53,194763,43669,35,147
1050,194625,43638,74,D5,61,194732,43662,44,107
1051,194625,43638,76,E5,59,194745,43665,42,121
1052,194634,43640,71,B4,58,194772,43671,33,138
1053,194745,43665,52,E3,63,196786,44122,3,2040
1054,195192,43765,79,G5,44,195701,43879,36,509
1055,195192,43765,76,E5,57,195714,43882,36,522
1056,195205,43768,74,D5,58,195692,43877,35,487
1057,195205,43768,71,B4,57,195705,43880,3,500
1058,195674,43873,64,E4,36,196196,43990,35,522
1059,195933,43931,79,G5,57,196116,43972,28,183
1060,195946,43934,71,B4,50,196406,44037,5,460
1061,196102,43969,78,F#5,60,196433,44043,23,330
1062,196424,44041,79,G5,65,196634,44088,37,210
1063,196576,44075,64,E4,57,196835,44133,53,259
1064,197004,44171,57,A3,35,197384,44256,41,379
1065,197076,44187,79,G5,53,197223,44220,55,147
1066,197085,44189,81,A5,55,197214,44218,42,129
1067,197085,44189,76,E5,60,197214,44218,53,129
1068,197085,44189,72,C5,55,197232,44222,44,147
1069,197375,44254,76,E5,62,197794,44348,36,420
1070,197375,44254,81,A5,56,197705,44328,17,330
1071,197384,44256,79,G5,55,197835,44357,35,451
1072,197384,44256,72,C5,53,197777,44344,36,393
1073,197794,44348,57,A3,60,198183,44435,46,388
1074,198004,44395,72,C5,65,198156,44429,36,152
1075,198294,44460,72,C5,56,198643,44538,3,348
1076,198303,44462,60,C4,60,198611,44531,13,308
1077,198366,44476,79,G5,62,198736,44559,35,371
1078,198634,44536,61,C#4,57,198955,44608,36,321
1079,198973,44612,62,D4,64,199495,44729,35,522
1080,198986,44615,78,F#5,82,199665,44767,29,679
1081,198995,44617,72,C5,65,199625,44758,5,629
1082,199455,44720,50,D3,63,200643,44986,36,1187
1083,199955,44832,86,D6,83,200223,44892,33,268
1084,200312,44912,84,C6,60,200594,44975,44,281
1085,200754,45011,83,B5,70,201174,45105,29,420
1086,200915,45047,55,G3,64,202844,45479,58,1929
1087,201214,45114,67,G4,59,201777,45240,33,562
1088,201352,45145,71,B4,66,201705,45224,23,353
1089,201674,45217,74,D5,64,202134,45320,42,460
1090,202076,45307,78,F#5,60,202294,45356,53,219
1091,202232,45342,67,G4,64,202736,45455,35,504
1092,202544,45412,71,B4,44,202625,45430,52,80
1093,202705,45448,78,F#5,68,202852,45481,56,147
1094,202705,45448,83,B5,62,202875,45486,44,170
1095,202705,45448,74,D5,75,202835,45477,47,129
1096,202714,45450,71,B4,64,202875,45486,36,161
1097,203183,45555,55,G3,66,204205,45784,31,1022
1098,203473,45620,78,F#5,60,203665,45663,28,192
1099,203473,45620,74,D5,65,203602,45649,29,129
1100,203473,45620,83,B5,59,203705,45672,39,232
1101,203486,45623,71,B4,58,203696,45670,3,210
1102,203634,45656,81,A5,58,203933,45723,9,299
1103,203973,45732,83,B5,66,204174,45777,31,201
1104,204076,45755,67,G4,66,204196,45782,55,121
1105,204495,45849,54,F#3,60,205402,46052,47,906
1106,204553,45862,78,F#5,57,204714,45898,50,161
1107,204562,45864,81,A5,60,204714,45898,50,152
1108,204562,45864,84,C6,53,204723,45900,36,161
1109,204562,45864,74,D5,56,204714,45898,42,152
1110,204562,45864,66,F#4,35,204665,45887,36,103
1111,205004,45963,81,A5,63,205303,46030,44,299
1112,205004,45963,78,F#5,60,205303,46030,39,299
1113,205004,45963,84,C6,60,205312,46032,52,308
1114,205013,45965,76,E5,63,205326,46035,41,312
1115,205303,46030,66,F#4,59,205786,46138,49,482
1116,205464,46066,78,F#5,74,205723,46124,39,259
1117,205464,46066,81,A5,77,205723,46124,44,259
1118,205464,46066,76,E5,66,205736,46127,37,272
1119,205745,46129,54,F#3,64,206402,46276,33,656
1120,205906,46165,81,A5,61,205995,46185,61,89
1121,205906,46165,78,F#5,60,206027,46192,53,121
1122,205915,46167,76,E5,59,206053,46198,52,138
1123,206393,46274,75,D#5,60,206812,46368,54,420
1124,206406,46277,78,F#5,59,206803,46366,47,397
1125,206406,46277,59,B3,64,206522,46303,36,116
1126,206406,46277,69,A4,57,206826,46371,29,420
1127,206835,46373,59,B3,59,207201,46455,53,366
1128,207156,46445,69,A4,60,207473,46516,23,317
1129,207156,46445,75,D#5,78,207513,46525,37,357
1130,207165,46447,78,F#5,88,207522,46527,37,357
1131,207625,46550,83,B5,59,207946,46622,29,321
1132,207803,46590,59,B3,63,208134,46664,44,330
1133,208286,46698,55,G3,46,208482,46742,29,196
1134,208286,46698,53,F3,44,208464,46738,31,179
1135,208312,46704,83,B5,59,209053,46870,29,741
1136,208312,46704,76,E5,61,209044,46868,5,732
1137,208312,46704,79,G5,64,209013,46861,3,701
1138,208326,46707,74,D5,59,208786,46810,3,460
1139,208754,46803,52,E3,65,209036,46866,52,281
1140,209223,46908,83,B5,56,209866,47052,5,643
1141,209223,46908,76,E5,57,209594,46991,23,371
1142,209223,46908,79,G5,52,209714,47018,44,491
1143,209236,46911,57,A3,47,210125,47110,24,888
1144,209236,46911,73,C#5,63,209553,46982,36,317
1145,209263,46917,69,A4,35,209312,46928,42,49
1146,209705,47016,69,A4,64,210053,47094,21,348
1147,209714,47018,73,C#5,68,209866,47052,47,152
1148,210169,47120,62,D4,58,210585,47213,56,415
1149,210192,47125,77,F5,62,210611,47219,21,420
1150,210196,47126,83,B5,58,210736,47247,11,540
1151,210196,47126,74,D5,57,210402,47172,39,205
1152,210576,47211,74,D5,53,210745,47249,28,170
1153,210652,47228,65,F4,54,210803,47262,44,152
1154,210754,47251,66,F#4,60,210942,47293,62,187
1155,210924,47289,67,G4,58,211446,47406,35,522
1156,211406,47397,55,G3,57,212125,47558,13,719
1157,211424,47401,74,D5,53,211696,47462,29,272
1158,211424,47401,77,F5,57,211875,47502,3,451
1159,211433,47403,83,B5,46,212027,47536,5,594
1160,211433,47403,71,B4,59,211634,47448,41,201
1161,211634,47448,67,G4,65,212036,47538,24,402
1162,211955,47520,71,B4,36,211986,47527,36,31
1163,212125,47558,60,C4,57,213286,47818,39,1161
1164,212134,47560,76,E5,49,212536,47650,39,402
1165,212143,47562,83,B5,39,212446,47630,36,304
1166,212143,47562,72,C5,57,212616,47668,24,473
1167,212455,47632,81,A5,53,212745,47697,29,290
1168,212772,47703,79,G5,64,213036,47762,36,263
1169,213245,47809,76,E5,60,213772,47927,42,527
1170,213433,47851,60,C4,57,214125,48006,36,692
1171,213786,47930,72,C5,57,215004,48203,29,1219
1172,214826,48163,59,B3,52,216875,48622,36,2049
1173,215076,48219,66,F#4,50,216794,48604,36,1719
1174,215294,48268,71,B4,53,216705,48584,5,1411
1175,215486,48311,75,D#5,58,216415,48519,11,929
1176,215665,48351,78,F#5,54,216424,48521,36,759
1177,215964,48418,81,A5,62,216504,48539,19,540
1178,216455,48528,79,G5,52,216915,48631,53,460
1179,217165,48687,52,E3,47,217995,48873,60,830
1180,217254,48707,64,E4,36,218035,48882,53,781
1181,217272,48711,71,B4,44,217995,48873,44,723
1182,217312,48720,74,D5,49,217964,48866,5,652
1183,217384,48736,76,E5,31,218035,48882,46,652
1184,218125,48902,52,E3,50,221102,49569,29,2978
1185,218183,48915,71,B4,46,218393,48962,31,210
1186,218205,48920,74,D5,37,218406,48965,56,201
1187,218214,48922,64,E4,35,219116,49124,28,902
1188,218232,48926,76,E5,44,218424,48969,56,192
1189,218326,48947,79,G5,53,218495,48985,57,170
1190,218826,49059,76,E5,33,218995,49097,42,170
1191,218835,49061,83,B5,42,219085,49117,53,250
1192,218852,49065,74,D5,42,218995,49097,46,143
1193,218866,49068,79,G5,26,219035,49106,44,170
1194,219375,49182,64,E4,35,220192,49365,37,817
1195,219415,49191,79,G5,36,220535,49442,26,1121
1196,219473,49204,83,B5,52,220625,49462,23,1152
1197,219522,49215,86,D6,54,220812,49504,7,1290
1198,219535,49218,88,E6,44,220893,49522,21,1357
1199,220527,49440,64,E4,44,221196,49590,44,670
1200,220844,49511,79,G5,58,221335,49621,5,491
1201,221111,49571,83,B5,56,221527,49664,5,415
1202,221312,49616,84,C6,48,221544,49668,36,232
1203,221527,49664,86,D6,47,221723,49708,36,196
1204,221745,49713,57,A3,53,223214,50042,41,1469
1205,221844,49735,79,G5,44,222424,49865,3,580
1206,221884,49744,69,A4,24,223245,50049,37,1362
1207,221924,49753,84,C6,41,222035,49778,41,112
1208,221995,49769,88,E6,53,222294,49836,36,299
1209,222236,49823,86,D6,53,222535,49890,24,299
1210,222464,49874,84,C6,50,222754,49939,3,290
1211,222736,49935,81,A5,50,223004,49995,31,268
1212,222986,49991,79,G5,41,223335,50069,24,348
1213,223263,50053,81,A5,36,223464,50098,39,201
1214,223585,50125,62,D4,35,225312,50512,35,1728
1215,223665,50143,78,F#5,36,224674,50369,15,1009
1216,223674,50145,74,D5,26,224723,50380,36,1049
1217,223736,50159,81,A5,33,224433,50315,5,696
1218,223745,50161,84,C6,41,223844,50183,41,98
1219,223826,50179,86,D6,44,224576,50347,19,750
1220,224473,50324,84,C6,47,224745,50385,35,272
1221,224714,50378,81,A5,50,225022,50447,50,308
1222,224973,50436,74,D5,42,225245,50497,35,272
1223,224995,50441,78,F#5,50,225576,50571,48,580
1224,225254,50499,81,A5,37,225794,50620,5,540
1225,225812,50624,55,G3,48,227884,51088,48,2071
1226,225844,50631,86,D6,47,226174,50705,21,330
1227,226134,50696,84,C6,58,226433,50763,41,299
1228,226384,50752,83,B5,61,226513,50781,55,129
1229,226393,50754,67,G4,50,227777,51064,24,1384
1230,226754,50835,83,B5,70,227076,50907,28,321
1231,227035,50898,81,A5,58,227344,50967,3,308
1232,227352,50969,79,G5,60,228062,51128,15,710
1233,228116,51140,60,C4,52,230044,51572,44,1929
1234,228156,51149,76,E5,36,228794,51292,3,638
1235,228844,51303,48,C3,36,230004,51563,41,1161
1236,229406,51429,72,C5,57,229562,51464,49,156
1237,229495,51449,74,D5,47,229616,51476,54,121
1238,229562,51464,76,E5,66,229942,51549,57,379
1239,229955,51552,72,C5,60,230544,51684,5,589
1240,230504,51675,54,F#3,44,232085,52029,44,1580
1241,230835,51749,66,F#4,53,232094,52031,44,1259
1242,231076,51803,72,C5,49,231415,51879,36,339
1243,231352,51865,76,E5,62,231723,51948,17,371
1244,231602,51921,78,F#5,57,231955,52000,47,353
1245,231924,51993,81,A5,57,232486,52119,37,562
1246,232312,52080,59,B3,56,233852,52425,41,1540
1247,232415,52103,78,F#5,47,233143,52266,57,728
1248,232424,52105,75,D#5,53,233143,52266,54,719
1249,232424,52105,71,B4,31,233745,52401,44,1321
1250,233326,52307,75,D#5,60,233674,52385,42,348
1251,233335,52309,78,F#5,62,233634,52376,48,299
1252,233634,52376,79,G5,59,233933,52443,31,299
1253,233915,52439,78,F#5,54,234004,52459,55,89
1254,233946,52446,75,D#5,47,234004,52459,39,58
1255,234192,52501,52,E3,36,237754,53299,39,3562
1256,234285,52522,64,E4,36,234482,52566,35,196
1257,234285,52522,71,B4,53,234656,52605,36,371
1258,234312,52528,74,D5,42,234915,52663,5,603
1259,234335,52533,76,E5,37,234933,52667,35,598
1260,234415,52551,79,G5,59,234866,52652,33,451
1261,234643,52602,64,E4,53,235455,52784,36,812
1262,234906,52661,71,B4,56,235022,52687,54,116
1263,235263,52741,74,D5,44,235473,52788,39,210
1264,235277,52744,76,E5,37,235544,52804,31,268
1265,235335,52757,79,G5,59,235772,52855,28,437
1266,235406,52773,83,B5,56,235714,52842,37,308
1267,235683,52835,74,D5,63,235866,52876,52,183
1268,235696,52838,76,E5,35,235777,52856,28,80
1269,235705,52840,64,E4,37,235777,52856,36,71
1270,235875,52878,83,B5,49,235946,52894,31,71
1271,235986,52903,64,E4,55,236553,53030,36,567
1272,236294,52972,76,E5,53,237125,53158,36,830
1273,236326,52979,79,G5,41,237116,53156,36,790
1274,236352,52985,83,B5,46,237094,53151,41,741
1275,236433,53003,86,D6,57,237076,53147,49,643
1276,237044,53140,64,E4,52,237495,53241,39,451
1277,237406,53221,88,E6,36,238076,53371,39,670
1278,237415,53223,79,G5,60,237893,53330,39,478
1279,237424,53225,76,E5,58,237924,53337,36,500
1280,237424,53225,83,B5,63,237986,53351,46,562
1281,238254,53411,57,A3,57,240035,53810,37,1781
1282,238335,53429,79,G5,37,238861,53547,37,527
1283,238361,53435,69,A4,21,239134,53608,26,772
1284,238361,53435,84,C6,49,238464,53458,49,103
1285,238384,53440,86,D6,59,238535,53474,57,152
1286,238482,53462,88,E6,68,238754,53523,41,272
1287,238785,53530,86,D6,63,239085,53597,17,299
1288,239053,53590,84,C6,63,239223,53628,46,170
1289,239352,53657,84,C6,64,239674,53729,35,321
1290,239375,53662,69,A4,46,239946,53790,31,571
1291,239652,53724,83,B5,60,240004,53803,39,353
1292,239973,53796,81,A5,57,240326,53875,42,353
1293,240285,53866,50,D3,57,241723,54188,36,1437
1294,240294,53868,83,B5,50,240942,54013,35,647
1295,240625,53942,62,D4,48,241754,54195,37,1129
1296,240915,54007,74,D5,44,241602,54161,5,687
1297,241263,54085,78,F#5,60,241683,54179,13,420
1298,241544,54148,81,A5,55,241852,54217,33,308
1299,241844,54215,83,B5,57,242004,54251,42,161
1300,242085,54269,55,G3,47,243933,54683,37,1848
1301,242165,54287,74,D5,46,242562,54376,7,397
1302,242183,54291,67,G4,26,242683,54403,28,500
1303,242196,54294,78,F#5,47,242527,54368,35,330
1304,242223,54300,81,A5,44,242486,54359,33,263
1305,242254,54307,86,D6,36,242665,54399,33,411
1306,242576,54379,84,C6,57,242893,54450,36,317
1307,242844,54439,83,B5,60,242933,54459,57,89
1308,243134,54504,67,G4,42,243513,54589,36,379
1309,243156,54509,83,B5,75,243513,54589,36,357
1310,243464,54578,81,A5,61,243794,54652,49,330
1311,243763,54645,67,G4,47,243866,54668,42,103
1312,243794,54652,79,G5,56,244062,54712,17,268
1313,244134,54728,76,E5,44,244576,54827,39,442
1314,244143,54730,77,F5,36,244232,54750,35,89
1315,244156,54733,48,C3,55,244263,54757,33,107
1316,244174,54737,60,C4,44,245236,54975,35,1062
1317,244473,54804,48,C3,61,245656,55069,36,1183
1318,244794,54876,67,G4,59,244986,54919,37,192
1319,245165,54959,72,C5,65,245866,55116,33,701
1320,245165,54959,71,B4,62,245835,55109,5,670
1321,245165,54959,76,E5,60,245754,55091,7,589
1322,245174,54961,67,G4,59,245473,55028,36,299
1323,245527,55040,60,C4,58,245723,55084,50,196
1324,245835,55109,67,G4,47,245924,55129,52,89
1325,246152,55180,54,F#3,39,248035,55602,37,1884
1326,246232,55198,81,A5,50,246643,55290,35,411
1327,246236,55199,66,F#4,53,247344,55447,36,1107
1328,246263,55205,75,D#5,42,246433,55243,39,170
1329,246915,55351,72,C5,59,247085,55389,41,170
1330,247254,55427,81,A5,52,248285,55658,33,1031
1331,247254,55427,78,F#5,53,248035,55602,39,781
1332,247254,55427,76,E5,57,247973,55588,36,719
1333,247263,55429,72,C5,52,247955,55584,5,692
1334,247915,55575,66,F#4,39,248062,55608,67,147
1335,248245,55649,57,A3,42,248344,55671,59,98
1336,248263,55653,59,B3,36,248513,55709,42,250
1337,248344,55671,71,B4,39,249861,56011,41,1518
1338,248375,55678,75,D#5,52,249165,55855,53,790
1339,248393,55682,78,F#5,50,249165,55855,56,772
1340,249094,55839,59,B3,55,249955,56032,52,862
1341,249455,55920,75,D#5,74,249772,55991,41,317
1342,249464,55922,78,F#5,79,249745,55985,44,281
1343,249745,55985,79,G5,58,250053,56054,28,308
1344,250035,56050,78,F#5,58,250134,56072,58,98
1345,250303,56110,52,E3,44,253875,56910,28,3571
1346,250415,56135,64,E4,46,250602,56177,44,187
1347,250424,56137,71,B4,44,250812,56224,42,388
1348,250455,56144,74,D5,52,251093,56287,5,638
1349,250513,56157,76,E5,31,251116,56292,36,603
1350,250553,56166,79,G5,57,251044,56276,29,491
1351,250803,56222,64,E4,58,251473,56372,39,670
1352,251093,56287,71,B4,57,251535,56386,13,442
1353,251375,56350,83,B5,59,251995,56489,5,621
1354,251384,56352,76,E5,44,251754,56435,15,371
1355,251384,56352,78,F#5,56,251473,56372,15,89
1356,251393,56354,74,D5,35,251736,56431,5,344
1357,251714,56426,64,E4,49,252732,56654,33,1018
1358,252027,56496,71,B4,39,252165,56527,36,138
1359,252415,56583,79,G5,29,253183,56755,7,768
1360,252424,56585,71,B4,36,253326,56787,5,902
1361,252442,56589,74,D5,35,253035,56722,3,594
1362,252446,56590,76,E5,35,253352,56793,5,906
1363,253375,56798,64,E4,55,253906,56917,33,531
1364,253513,56829,76,E5,62,253777,56888,44,263
1365,253745,56881,75,D#5,59,254085,56957,36,339
1366,254013,56941,76,E5,62,254277,57000,39,263
1367,254205,56984,54,F#3,59,256772,57559,58,2567
1368,254312,57008,72,C5,54,254643,57082,28,330
1369,254335,57013,66,F#4,26,254464,57042,44,129
1370,254393,57026,76,E5,60,254593,57071,44,201
1371,254446,57038,78,F#5,33,254812,57120,59,366
1372,254656,57085,66,F#4,56,256134,57416,36,1478
1373,254915,57143,72,C5,53,255254,57219,24,339
1374,255196,57206,79,G5,65,255513,57277,29,317
1375,255486,57271,78,F#5,57,255794,57340,44,308
1376,255763,57333,76,E5,57,256143,57418,48,379
1377,256093,57407,81,A5,59,256504,57499,33,411
1378,256393,57474,78,F#5,44,256754,57555,44,362
1379,256696,57542,76,E5,59,257085,57629,53,388
1380,257035,57618,59,B3,48,257995,57833,39,960
1381,257053,57622,78,F#5,60,257415,57703,39,362
1382,257406,57701,75,D#5,57,257736,57775,36,330
1383,257683,57763,78,F#5,56,258102,57857,36,420
1384,258134,57864,64,E4,44,258553,57958,39,420
1385,258183,57875,81,A5,61,259102,58081,33,920
1386,258464,57938,52,E3,48,261986,58727,7,3522
1387,258777,58008,64,E4,56,259393,58146,26,616
1388,259062,58072,76,E5,59,259446,58158,39,384
1389,259393,58146,79,G5,59,259656,58205,47,263
1390,259643,58202,81,A5,41,259794,58236,47,152
1391,259705,58216,64,E4,31,260192,58325,33,487
1392,259924,58265,74,D5,52,260893,58482,15,969
1393,259946,58270,76,E5,55,260893,58482,3,946
1394,259964,58274,79,G5,53,260973,58500,36,1009
1395,260053,58294,83,B5,60,260995,58505,55,942
1396,260960,58497,64,E4,58,261352,58585,44,393
1397,261254,58563,79,G5,47,262000,58730,36,746
1398,261254,58563,76,E5,50,261625,58646,3,371
1399,261254,58563,83,B5,49,261754,58675,13,500
1400,261263,58565,74,D5,48,261513,58621,28,250
1401,261576,58635,64,E4,47,261995,58729,26,420
1402,262174,58769,57,A3,56,263634,59096,56,1460
1403,262236,58783,72,C5,58,262652,58876,17,415
1404,262254,58787,76,E5,59,262643,58874,29,388
1405,262277,58792,79,G5,50,262643,58874,41,366
1406,262277,58792,69,A4,36,262375,58814,42,98
1407,262312,58800,84,C6,36,262652,58876,44,339
1408,262562,58856,69,A4,59,263214,59002,39,652
1409,262852,58921,84,C6,59,263027,58960,36,174
1410,262852,58921,76,E5,63,263027,58960,37,174
1411,262852,58921,79,G5,61,263044,58964,44,192
1412,262866,58924,72,C5,62,263044,58964,36,179
1413,263174,58993,79,G5,61,263763,59125,44,589
1414,263183,58995,84,C6,64,263723,59116,3,540
1415,263183,58995,76,E5,63,263504,59067,26,321
1416,263183,58995,72,C5,56,263464,59058,39,281
1417,263486,59063,69,A4,55,263553,59078,53,67
1418,263736,59119,72,C5,37,263803,59134,44,67
1419,263884,59152,50,D3,50,265777,59576,47,1893
1420,264013,59181,62,D4,35,264156,59213,29,143
1421,264062,59192,78,F#5,47,265223,59452,33,1161
1422,264076,59195,84,C6,57,265022,59407,5,946
1423,264076,59195,81,A5,63,265169,59440,7,1094
1424,264085,59197,74,D5,52,264714,59338,29,629
1425,264785,59354,62,D4,70,265785,59578,47,1000
1426,265076,59419,74,D5,67,265245,59457,52,170
1427,265424,59497,86,D6,64,265602,59537,53,179
1428,265433,59499,74,D5,64,265625,59542,53,192
1429,265785,59578,72,C5,66,265946,59614,44,161
1430,265785,59578,84,C6,65,265915,59607,48,129
1431,266044,59636,55,G3,58,267576,59979,64,1531
1432,266102,59649,71,B4,62,266424,59721,35,321
1433,266102,59649,83,B5,64,266745,59793,36,643
1434,266361,59707,67,G4,36,267513,59965,36,1152
1435,266665,59775,71,B4,64,267294,59916,5,629
1436,266986,59847,74,D5,61,267384,59936,36,397
1437,267303,59918,78,F#5,58,267585,59981,54,281
1438,267585,59981,71,B4,59,267692,60005,47,107
1439,267705,60008,55,G3,60,269335,60373,42,1629
1440,267826,60035,67,G4,28,268393,60162,35,567
1441,267826,60035,71,B4,58,268442,60173,9,616
1442,267875,60046,74,D5,48,268294,60140,5,420
1443,267906,60053,78,F#5,47,268446,60174,36,540
1444,267986,60071,83,B5,59,268455,60176,23,469
1445,268643,60218,83,B5,53,268812,60256,24,170
1446,268643,60218,84,C6,56,268785,60250,36,143
1447,268884,60272,67,G4,50,269285,60362,28,402
1448,268915,60279,83,B5,28,269013,60301,52,98
1449,268955,60288,82,A#5,52,269366,60380,36,411
1450,269335,60373,83,B5,57,269544,60420,44,210
1451,269576,60427,54,F#3,37,270683,60675,64,1107
1452,269674,60449,66,F#4,41,270245,60577,48,571
1453,269745,60465,76,E5,47,269951,60511,35,205
1454,269754,60467,78,F#5,46,269995,60521,37,241
1455,269794,60476,81,A5,52,270027,60528,47,232
1456,269835,60485,84,C6,53,270053,60534,53,219
1457,270214,60570,78,F#5,47,270513,60637,50,299
1458,270223,60572,81,A5,62,270513,60637,53,290
1459,270223,60572,84,C6,58,270513,60637,47,290
1460,270223,60572,76,E5,48,270544,60644,36,321
1461,270495,60633,66,F#4,57,270683,60675,64,187
1462,270665,60671,81,A5,68,270683,60675,64,18
1463,270665,60671,78,F#5,62,270683,60675,64,18
1464,270674,60673,76,E5,58,270692,60677,64,18
1465,271866,60940,69,A4,64,271946,60958,54,80
1466,271866,60940,73,C#5,61,272009,60972,60,143
1467,272294,61036,50,D3,39,272455,61072,57,161
1468,272339,61046,83,B5,59,272888,61169,33,549
1469,272348,61048,62,D4,49,272486,61079,55,138
1470,272348,61048,74,D5,59,272839,61158,35,491
1471,272348,61048,79,G5,65,272848,61160,36,500
1472,272348,61048,77,F5,63,272785,61146,24,437
1473,272665,61119,65,F4,59,272736,61135,60,71
1474,272669,61120,53,F3,64,272727,61133,62,58
1475,272826,61155,54,F#3,64,272955,61184,36,129
1476,272826,61155,66,F#4,70,272955,61184,44,129
1477,273156,61229,55,G3,52,274348,61496,60,1192
1478,273178,61234,83,B5,60,274406,61509,35,1228
1479,273178,61234,77,F5,64,274187,61460,15,1009
1480,273187,61236,74,D5,61,274299,61485,33,1112
1481,273187,61236,67,G4,55,273535,61314,36,348
1482,273964,61410,67,G4,57,274277,61480,60,312
1483,274500,61530,48,C3,63,276656,62013,46,2156
1484,274535,61538,72,C5,47,275236,61695,33,701
1485,274576,61547,60,C4,50,275928,61850,28,1353
1486,274585,61549,76,E5,50,275044,61652,52,460
1487,274616,61556,79,G5,57,275058,61655,35,442
1488,274669,61568,83,B5,63,275049,61653,37,379
1489,274995,61641,81,A5,57,275299,61709,41,304
1490,275366,61724,76,E5,59,275558,61767,36,192
1491,275366,61724,79,G5,65,275576,61771,44,210
1492,275379,61727,72,C5,58,275567,61769,35,187
1493,275718,61803,79,G5,57,276379,61951,31,661
1494,275718,61803,76,E5,59,276018,61870,36,299
1495,275727,61805,72,C5,58,276067,61881,35,339
1496,276348,61944,76,E5,63,277277,62152,33,929
1497,276357,61946,60,C4,58,276705,62024,48,348
1498,277518,62206,59,B3,75,281107,63010,36,3589
1499,277986,62311,63,D#4,61,278397,62403,3,411
1500,278187,62356,66,F#4,58,278419,62408,60,232
1501,278393,62402,71,B4,57,278477,62421,56,85
1502,278607,62450,75,D#5,59,278656,62461,24,49
1503,278629,62455,76,E5,68,278687,62468,28,58
1504,278826,62499,71,B4,60,279035,62546,26,210
1505,279027,62544,78,F#5,53,279218,62587,26,192
1506,279218,62587,75,D#5,54,279317,62609,48,98
1507,279437,62636,83,B5,57,279549,62661,54,112
1508,279696,62694,87,D#6,82,279794,62716,53,98
1509,280196,62806,87,D#6,39,280308,62831,56,112
1510,280205,62808,83,B5,39,280428,62858,17,223
1511,280268,62822,90,F#6,56,280388,62849,60,121
1512,280397,62851,91,G6,46,280549,62885,42,152
1513,280687,62916,90,F#6,59,281348,63064,37,661
1514,280696,62918,83,B5,58,280866,62956,17,170
1515,281067,63001,83,B5,3,281317,63057,3,250
1516,281406,63077,88,E6,60,282018,63214,31,612
1517,281777,63160,64,E4,59,285509,63996,15,3732
1518,282147,63243,66,F#4,53,282518,63326,3,371
1519,282317,63281,67,G4,48,285406,63973,5,3089
1520,282477,63317,71,B4,58,285406,63973,5,2929
1521,282638,63353,76,E5,35,282866,63404,15,228
1522,282968,63427,79,G5,48,283245,63489,37,277
1523,283218,63483,78,F#5,58,283437,63532,44,219
1524,283406,63525,76,E5,55,285388,63969,5,1982
1525,283629,63575,83,B5,44,285437,63980,44,1808
1526,286254,64163,57,A3,48,286687,64260,55,433
1527,286678,64258,72,C5,41,286776,64280,56,98
1528,286678,64258,76,E5,37,286776,64280,36,98
1529,286687,64260,67,G4,42,286799,64285,36,112
1530,287129,64359,72,C5,61,287397,64419,41,268
1531,287147,64363,76,E5,53,287406,64421,37,259
1532,287147,64363,67,G4,55,287406,64421,39,259
1533,287406,64421,57,A3,55,287535,64450,35,129
1534,287558,64455,72,C5,57,287696,64486,35,138
1535,287567,64457,67,G4,50,287705,64488,29,138
1536,287567,64457,76,E5,46,287768,64502,3,201
1537,287799,64509,60,C4,52,287928,64538,35,129
1538,287888,64529,61,C#4,44,288058,64567,54,170
1539,288004,64555,62,D4,42,288348,64632,35,344
1540,288348,64632,76,E5,36,288477,64661,39,129
1541,288348,64632,66,F#4,48,288446,64654,56,98
1542,288357,64634,72,C5,36,288455,64656,52,98
1543,288361,64635,69,A4,36,288446,64654,44,85
1544,288776,64728,76,E5,53,289245,64833,36,469
1545,288785,64730,72,C5,57,289227,64829,29,442
1546,288785,64730,66,F#4,57,289236,64831,29,451
1547,288785,64730,69,A4,57,289218,64827,17,433
1548,289285,64842,62,D4,57,289486,64887,11,201
1549,289437,64876,72,C5,31,289576,64907,5,138
1550,289446,64878,76,E5,29,289544,64900,7,98
1551,289455,64880,69,A4,28,289535,64898,24,80
1552,289455,64880,66,F#4,53,289808,64959,26,353
1553,289879,64975,55,G3,47,290357,65082,48,478
1554,290348,65080,76,E5,59,290549,65125,28,201
1555,290357,65082,71,B4,61,290509,65116,36,152
1556,290357,65082,66,F#4,54,290495,65113,36,138
1557,290357,65082,69,A4,59,290495,65113,29,138
1558,290785,65178,76,E5,55,291205,65272,15,420
1559,290808,65183,69,A4,54,291085,65245,17,277
1560,290808,65183,71,B4,59,291196,65270,3,388
1561,290817,65185,66,F#4,53,291035,65234,35,219
1562,291089,65246,55,G3,56,291446,65326,36,357
1563,291236,65279,66,F#4,60,291357,65306,59,121
1564,291669,65376,71,B4,58,291826,65411,41,156
1565,291678,65378,72,C5,59,291839,65414,44,161
1566,291687,65380,67,G4,55,291839,65414,36,152
1567,291687,65380,76,E5,50,291835,65413,31,147
1568,291705,65384,60,C4,57,291799,65405,44,94
1569,291888,65425,60,C4,56,292004,65451,36,116
1570,292357,65530,72,C5,67,292826,65635,36,469
1571,292361,65531,71,B4,63,292803,65630,17,442
1572,292366,65532,67,G4,56,292794,65628,17,429
1573,292857,65642,60,C4,50,293116,65700,57,259
1574,293026,65680,67,G4,61,293366,65756,23,339
1575,293303,65742,72,C5,48,293406,65765,48,103
1576,293406,65765,54,F#3,59,293915,65879,37,509
1577,293888,65873,72,C5,63,294089,65918,35,201
1578,293888,65873,69,A4,59,294058,65911,35,170
1579,293897,65875,66,F#4,59,294107,65922,36,210
1580,294348,65976,72,C5,63,294919,66104,5,571
1581,294348,65976,76,E5,56,295098,66144,5,750
1582,294357,65978,69,A4,57,294607,66034,3,250
1583,294357,65978,66,F#4,60,294607,66034,33,250
1584,294647,66043,54,F#3,57,295276,66184,36,629
1585,295308,66191,59,B3,59,296129,66375,28,821
1586,295799,66301,75,D#5,79,295888,66321,61,89
1587,295817,66305,71,B4,59,295897,66323,42,80
1588,296067,66361,75,D#5,78,296357,66426,37,290
1589,296076,66363,71,B4,59,296357,66426,35,281
1590,296509,66460,76,E5,56,296607,66482,60,98
1591,296518,66462,71,B4,54,296665,66495,28,147
1592,296616,66484,59,B3,59,296866,66540,48,250
1593,296955,66560,78,F#5,57,297058,66583,52,103
1594,296955,66560,71,B4,44,297035,66578,37,80
1595,297107,66594,64,E4,59,297326,66643,39,219
1596,297125,66598,74,D5,57,297276,66632,28,152
1597,297129,66599,71,B4,59,297348,66648,17,219
1598,297147,66603,76,E5,60,297379,66655,19,232
1599,297156,66605,79,G5,56,297437,66668,36,281
1600,297437,66668,64,E4,56,297839,66758,19,402
1601,297558,66695,71,B4,65,297727,66733,29,170
1602,297848,66760,52,E3,68,298656,66941,3,808
1603,298276,66856,79,G5,59,298656,66941,3,379
1604,298285,66858,74,D5,62,298509,66908,19,223
1605,298285,66858,76,E5,64,298727,66957,13,442
1606,298299,66861,71,B4,52,298468,66899,33,170
1607,298455,66896,64,E4,67,298794,66972,36,339
1608,298768,66966,71,B4,46,298817,66977,42,49
1609,298848,66984,52,E3,50,298995,67017,36,147
1610,298937,67004,76,E5,70,299526,67136,21,589
1611,298937,67004,79,G5,59,299625,67158,33,687
1612,298946,67006,74,D5,67,299419,67112,5,473
1613,298955,67008,71,B4,63,299468,67123,3,513
1614,299406,67109,52,E3,64,300259,67300,5,853
1615,300156,67277,64,E4,58,300656,67389,5,500
1616,300308,67311,74,D5,57,300558,67367,41,250
1617,300817,67425,57,A3,66,301236,67519,60,420
1618,301254,67523,76,E5,57,301486,67575,28,232
1619,301259,67524,72,C5,58,301486,67575,35,228
1620,301268,67526,67,G4,53,301495,67577,29,228
1621,301727,67629,72,C5,68,302018,67694,36,290
1622,301736,67631,76,E5,62,302098,67712,29,362
1623,301736,67631,67,G4,60,302026,67696,29,290
1624,302026,67696,60,C4,57,302218,67739,35,192
1625,302169,67728,61,C#4,48,302468,67795,36,299
1626,302486,67799,62,D4,57,302919,67896,52,433
1627,302937,67900,76,E5,44,303187,67956,36,250
1628,302937,67900,66,F#4,46,303129,67943,35,192
1629,302946,67902,69,A4,49,303098,67936,17,152
1630,302946,67902,72,C5,56,303138,67945,36,192
1631,303138,67945,62,D4,68,303598,68048,3,460
1632,303598,68048,76,E5,55,303785,68090,37,187
1633,303616,68052,72,C5,62,303776,68088,33,161
1634,303616,68052,66,F#4,64,303776,68088,39,161
1635,303616,68052,69,A4,60,303768,68086,33,152
1636,303928,68122,74,D5,62,304509,68252,35,580
1637,303928,68122,66,F#4,76,304446,68238,39,518
1638,303937,68124,69,A4,59,304245,68193,5,308
1639,304397,68227,53,F3,39,304549,68261,57,152
1640,304486,68247,54,F#3,60,304558,68263,108,71
1641,304585,68269,55,G3,67,305116,68388,50,531
1642,305058,68375,66,F#4,59,305308,68431,36,250
1643,305058,68375,71,B4,62,305268,68422,36,210
1644,305518,68478,66,F#4,72,305794,68540,39,277
1645,305518,68478,71,B4,68,305826,68547,11,308
1646,305799,68541,55,G3,59,305995,68585,36,196
1647,305955,68576,66,F#4,67,306107,68610,58,152
1648,306285,68650,60,C4,60,306687,68740,46,402
1649,306285,68650,71,B4,67,306768,68758,33,482
1650,306299,68653,67,G4,56,306687,68740,28,388
1651,306308,68655,72,C5,58,306455,68688,44,147
1652,306736,68751,72,C5,42,306906,68789,36,170
1653,306875,68782,60,C4,60,307254,68867,46,379
1654,307205,68856,76,E5,67,307669,68960,26,464
1655,307205,68856,71,B4,75,307656,68957,19,451
1656,307205,68856,67,G4,66,307656,68957,29,451
1657,307205,68856,72,C5,75,307669,68960,26,464
1658,307696,68966,60,C4,59,308018,69038,35,321
1659,307897,69011,67,G4,59,308205,69080,29,308
1660,308187,69076,76,E5,59,308518,69150,23,330
1661,308339,69110,54,F#3,88,308745,69201,42,406
1662,309138,69289,54,F#3,61,309375,69342,39,237
1663,309268,69318,72,C5,59,309518,69374,36,250
1664,309276,69320,66,F#4,62,309549,69381,31,272
1665,309276,69320,69,A4,52,309518,69374,29,241
1666,309607,69394,54,F#3,58,309946,69470,56,339
1667,309616,69396,74,D5,64,309888,69457,37,272
1668,309625,69398,66,F#4,36,309776,69432,11,152
1669,309946,69470,76,E5,67,310156,69517,31,210
1670,310308,69551,59,B3,60,311196,69750,44,888
1671,310339,69558,74,D5,64,310544,69604,37,205
1672,310629,69623,74,D5,44,310754,69651,48,125
1673,311156,69741,75,D#5,76,311236,69759,57,80
1674,311339,69782,75,D#5,68,311718,69867,72,379
1675,311348,69784,59,B3,63,312035,69938,47,687
1676,311348,69784,71,B4,57,311696,69862,7,348
1677,311727,69869,76,E5,68,312018,69934,31,290
1678,312044,69940,78,F#5,60,312227,69981,41,183
1679,312317,70001,52,E3,57,315317,70673,28,3000
1680,312375,70014,71,B4,46,312727,70093,39,353
1681,312379,70015,74,D5,50,312736,70095,29,357
1682,312388,70017,76,E5,53,312839,70118,15,451
1683,312397,70019,64,E4,29,312509,70044,44,112
1684,312419,70024,79,G5,42,312799,70109,31,379
1685,312705,70088,64,E4,58,313227,70205,39,522
1686,312875,70126,71,B4,57,312986,70151,46,112
1687,313196,70198,74,D5,67,313477,70261,36,281
1688,313205,70200,71,B4,60,313509,70268,31,304
1689,313607,70290,76,E5,55,313839,70342,35,232
1690,313799,70333,64,E4,47,314285,70442,33,487
1691,314259,70436,79,G5,60,315009,70604,36,750
1692,314268,70438,74,D5,65,314977,70597,5,710
1693,314268,70438,71,B4,58,314995,70601,11,728
1694,314268,70438,76,E5,66,314995,70601,35,728
1695,315004,70603,64,E4,52,315326,70675,29,321
1696,315178,70642,74,D5,65,315308,70671,44,129
1697,315178,70642,79,G5,59,315308,70671,42,129
1698,315178,70642,76,E5,64,315308,70671,47,129
1699,315187,70644,71,B4,58,315308,70671,33,121
1700,315665,70751,79,G5,60,315817,70785,39,152
1701,315669,70752,71,B4,61,315776,70776,49,107
1702,315678,70754,76,E5,67,315776,70776,39,98
1703,315678,70754,74,D5,59,315750,70770,28,71
1704,316035,70834,54,F#3,41,316272,70887,48,237
1705,316138,70857,66,F#4,36,316276,70888,36,138
1706,316187,70868,78,F#5,58,316348,70904,54,161
1707,316187,70868,72,C5,50,316339,70902,35,152
1708,316196,70870,76,E5,60,316317,70897,36,121
1709,316647,70971,78,F#5,67,316879,71023,52,232
1710,316656,70973,72,C5,59,316866,71020,47,210
1711,316656,70973,76,E5,67,316857,71018,42,201
1712,316955,71040,54,F#3,53,317808,71231,31,853
1713,316968,71043,78,F#5,53,317468,71155,37,500
1714,316986,71047,72,C5,61,317428,71146,31,442
1715,316986,71047,81,A5,60,317455,71152,33,469
1716,316986,71047,76,E5,64,317437,71148,23,451
1717,317495,71161,66,F#4,62,317727,71213,67,232
1718,317656,71197,72,C5,69,317937,71260,36,281
1719,317937,71260,81,A5,56,318049,71285,46,112
1720,318098,71296,59,B3,57,318375,71358,36,277
1721,318116,71300,75,D#5,57,318308,71343,41,192
1722,318116,71300,78,F#5,59,318317,71345,48,201
1723,318138,71305,69,A4,55,318268,71334,33,129
1724,318147,71307,71,B4,52,318308,71343,9,161
1725,318437,71372,75,D#5,64,318607,71410,36,170
1726,318437,71372,78,F#5,64,318616,71412,37,179
1727,318446,71374,71,B4,57,318629,71415,31,183
1728,318589,71406,59,B3,66,319009,71500,47,420
1729,318955,71488,78,F#5,64,319294,71564,36,339
1730,318955,71488,75,D#5,63,319268,71558,36,312
1731,318968,71491,71,B4,61,319276,71560,33,308
1732,319437,71596,81,A5,59,319696,71654,24,259
1733,319446,71598,78,F#5,50,319928,71706,36,482
1734,319446,71598,71,B4,55,319616,71636,35,170
1735,319455,71600,75,D#5,44,319638,71641,13,183
1736,319634,71640,59,B3,64,320058,71735,52,424
1737,319946,71710,71,B4,53,320129,71751,19,183
1738,320089,71742,64,E4,64,320718,71883,13,629
1739,320428,71818,71,B4,61,320598,71856,37,170
1740,320558,71847,74,D5,60,320687,71876,49,129
1741,320897,71923,52,E3,59,321834,72133,23,937
1742,320906,71925,76,E5,67,321406,72037,33,500
1743,320906,71925,74,D5,66,321388,72033,26,482
1744,320919,71928,71,B4,59,321357,72026,9,437
1745,320937,71932,79,G5,59,321464,72050,15,527
1746,321406,72037,64,E4,58,321799,72125,21,393
1747,321625,72086,76,E5,53,321817,72129,36,192
1748,321768,72118,78,F#5,52,321968,72163,47,201
1749,321897,72147,79,G5,53,321995,72169,53,98
1750,322076,72187,52,E3,57,323745,72561,5,1670
1751,322107,72194,76,E5,47,322607,72306,33,500
1752,322607,72306,64,E4,60,323026,72400,26,420
1753,322937,72380,74,D5,72,323379,72479,3,442
1754,322937,72380,76,E5,75,323518,72510,3,580
1755,322946,72382,71,B4,72,323276,72456,13,330
1756,322955,72384,79,G5,62,323437,72492,26,482
1757,323437,72492,64,E4,55,323745,72561,33,308
1758,323549,72517,71,B4,66,323799,72573,29,250
1759,323736,72559,79,G5,63,323906,72597,29,170
1760,323968,72611,57,A3,60,324205,72664,35,237
1761,324076,72635,72,C5,64,324236,72671,35,161
1762,324076,72635,76,E5,61,324268,72678,36,192
1763,324084,72637,67,G4,57,324227,72669,24,143
1764,324098,72640,69,A4,57,324218,72667,21,121
1765,324518,72734,79,G5,56,324817,72801,37,299
1766,324526,72736,76,E5,62,324808,72799,39,281
1767,324526,72736,72,C5,59,324808,72799,36,281
1768,324526,72736,69,A4,53,324826,72803,36,299
1769,324888,72817,57,A3,59,325187,72884,36,299
1770,325004,72843,69,A4,53,325227,72893,36,223
1771,325009,72844,79,G5,56,325218,72891,35,210
1772,325009,72844,72,C5,59,325218,72891,36,210
1773,325009,72844,76,E5,62,325227,72893,44,219
1774,325308,72911,60,C4,52,325509,72956,57,201
1775,325339,72918,78,F#5,62,325477,72949,53,138
1776,325348,72920,69,A4,60,325495,72953,26,147
1777,325348,72920,72,C5,64,325437,72940,44,89
1778,325477,72949,61,C#4,79,325808,73023,35,330
1779,325826,73027,62,D4,57,326317,73137,49,491
1780,325826,73027,76,E5,36,326236,73119,39,411
1781,325834,73029,69,A4,61,326143,73098,7,308
1782,325839,73030,66,F#4,64,326227,73117,36,388
1783,325848,73032,72,C5,58,326187,73108,3,339
1784,326388,73153,62,D4,69,326906,73269,35,518
1785,326535,73186,66,F#4,60,326696,73222,42,161
1786,326857,73258,69,A4,60,327187,73332,17,330
1787,326857,73258,72,C5,60,327205,73336,11,348
1788,326857,73258,66,F#4,64,327178,73330,44,321
1789,326866,73260,76,E5,53,327049,73301,5,183
1790,327299,73357,62,D4,54,327937,73500,39,638
1791,327446,73390,66,F#4,58,327803,73470,55,357
1792,327768,73462,76,E5,62,327968,73507,23,201
1793,327897,73491,55,G3,64,328357,73594,39,460
1794,328339,73590,71,B4,60,328535,73634,35,196
1795,328339,73590,74,D5,57,328558,73639,52,219
1796,328348,73592,67,G4,57,328576,73643,36,228
1797,328785,73690,71,B4,64,329089,73758,3,304
1798,328799,73693,74,D5,58,329116,73764,39,317
1799,328799,73693,67,G4,59,329080,73756,33,281
1800,329067,73753,55,G3,48,329308,73807,35,241
1801,329143,73770,72,C5,42,329236,73791,50,94
1802,329227,73789,67,G4,60,329334,73813,42,107
1803,329544,73860,66,F#4,44,330058,73975,44,513
1804,329567,73865,69,A4,41,330035,73970,3,469
1805,329576,73867,55,G3,58,329888,73937,42,312
1806,329607,73874,71,B4,29,330116,73988,3,509
1807,330084,73981,55,G3,44,330629,74103,46,545
1808,330236,74015,66,F#4,58,330388,74049,49,152
1809,330567,74089,71,B4,59,331205,74232,5,638
1810,330567,74089,69,A4,59,331067,74201,9,500
1811,330567,74089,66,F#4,58,331004,74187,33,437
1812,331026,74192,55,G3,59,331245,74241,37,219
1813,331227,74237,66,F#4,57,331339,74262,70,112
1814,331687,74340,54,F#3,61,332339,74486,42,652
1815,332156,74445,76,E5,58,332308,74479,41,152
1816,332169,74448,78,F#5,53,332326,74483,41,156
1817,332169,74448,73,C#5,56,332326,74483,36,156
1818,332616,74548,78,F#5,60,332888,74609,35,272
1819,332616,74548,76,E5,62,332879,74607,33,263
1820,332629,74551,73,C#5,60,332919,74616,39,290
1821,332937,74620,54,F#3,58,333308,74703,36,371
1822,333089,74654,78,F#5,53,333428,74730,46,339
1823,333089,74654,72,C5,54,333375,74718,29,286
1824,333089,74654,76,E5,57,333419,74728,35,330
1825,333535,74754,59,B3,55,333879,74831,35,344
1826,333558,74759,80,G#5,57,333768,74806,48,210
1827,333567,74761,78,F#5,55,333750,74802,42,183
1828,333576,74763,72,C5,60,333785,74810,35,210
1829,334317,74929,59,B3,57,334558,74983,36,241
1830,334326,74931,75,D#5,58,334817,75041,46,491
1831,334326,74931,78,F#5,57,334817,75041,56,491
1832,334339,74934,71,B4,53,334826,75043,44,487
1833,334839,75046,59,B3,47,335388,75169,37,549
1834,334995,75081,78,F#5,70,335178,75122,39,183
1835,334995,75081,75,D#5,67,335174,75121,42,179
1836,335009,75084,71,B4,59,335236,75135,33,228
1837,335455,75184,71,B4,53,335736,75247,33,281
1838,335455,75184,76,E5,56,335906,75285,7,451
1839,335455,75184,79,G5,55,335817,75265,26,362
1840,335455,75184,64,E4,50,335656,75229,48,201
1841,335455,75184,74,D5,58,335776,75256,5,321
1842,335776,75256,64,E4,59,336388,75393,13,612
1843,335937,75292,71,B4,58,336254,75363,35,317
1844,336205,75352,79,G5,42,336317,75377,29,112
1845,336379,75391,57,A3,53,336535,75426,36,156
1846,336406,75397,73,C#5,57,336656,75453,19,250
1847,336419,75400,79,G5,55,336678,75458,35,259
1848,336419,75400,76,E5,61,336678,75458,28,259
1849,336428,75402,71,B4,64,336687,75460,35,259
1850,336718,75467,57,A3,53,337285,75594,35,567
1851,336857,75498,71,B4,58,337147,75563,11,290
1852,337169,75568,79,G5,52,337285,75594,39,116
1853,337357,75610,62,D4,56,338187,75796,39,830
1854,337669,75680,74,D5,59,337817,75713,33,147
1855,337674,75681,77,F5,57,337857,75722,26,183
1856,338169,75792,55,G3,64,339348,76056,31,1179
1857,338178,75794,77,F5,60,338705,75912,39,527
1858,338178,75794,74,D5,59,338696,75910,28,518
1859,338678,75906,62,D4,50,339259,76036,13,580
1860,338848,75944,74,D5,63,339009,75980,41,161
1861,338857,75946,77,F5,63,339009,75980,46,152
1862,338866,75948,71,B4,61,339089,75998,19,223
1863,339326,76051,72,C5,52,339495,76089,53,170
1864,339334,76053,67,G4,48,339509,76092,37,174
1865,339339,76054,76,E5,44,339518,76094,42,179
1866,339348,76056,60,C4,58,339495,76089,48,147
1867,339848,76168,67,G4,59,340098,76224,64,250
1868,339848,76168,72,C5,68,340098,76224,64,250
1869,339848,76168,60,C4,52,340098,76224,64,250
1870,339848,76168,76,E5,63,340098,76224,64,250
1871,342384,76736,57,A3,60,344406,77189,5,2022
1872,342745,76817,64,E4,59,344437,77196,5,1692
1873,342933,76859,69,A4,53,343687,77028,28,754
1874,343156,76909,71,B4,64,343352,76953,23,196
1875,343406,76965,72,C5,60,343674,77025,31,268
1876,343687,77028,71,B4,52,343924,77081,28,237
1877,343986,77095,76,E5,60,344357,77178,53,371
1878,344004,77099,69,A4,53,344455,77200,36,451
1879,344366,77180,71,B4,56,345013,77325,36,647
1880,344977,77317,50,D3,44,346727,77709,46,1750
1881,344986,77319,74,D5,59,345254,77379,33,268
1882,345174,77361,57,A3,52,346714,77706,35,1540
1883,345334,77397,62,D4,59,346312,77616,35,978
1884,345526,77440,66,F#4,55,345785,77498,36,259
1885,345736,77487,69,A4,31,345995,77545,39,259
1886,345964,77538,72,C5,37,346107,77570,31,143
1887,346214,77594,74,D5,56,346616,77684,48,402
1888,346214,77594,69,A4,53,346486,77655,29,272
1889,346223,77596,66,F#4,50,346696,77702,36,473
1890,346593,77679,72,C5,59,346986,77767,5,393
1891,347044,77780,55,G3,52,348745,78161,3,1701
1892,347076,77787,71,B4,53,347415,77863,35,339
1893,347437,77868,62,D4,35,348794,78172,13,1357
1894,347593,77903,67,G4,59,348326,78067,5,732
1895,347736,77935,69,A4,57,347924,77977,35,187
1896,347915,77975,71,B4,59,348004,77995,55,89
1897,348125,78022,74,D5,70,348326,78067,36,201
1898,348384,78080,69,A4,59,348553,78118,33,170
1899,348647,78139,71,B4,62,348884,78192,17,237
1900,348906,78197,74,D5,60,349227,78269,35,321
1901,349134,78248,60,C4,57,351111,78691,29,1978
1902,349424,78313,67,G4,56,351035,78674,33,1612
1903,349625,78358,72,C5,53,349893,78418,67,268
1904,349875,78414,71,B4,58,350035,78450,41,161
1905,350254,78499,74,D5,62,350375,78526,53,121
1906,350254,78499,71,B4,58,350446,78542,42,192
1907,350334,78517,76,E5,58,350464,78546,57,129
1908,350647,78587,71,B4,58,350785,78618,39,138
1909,350656,78589,74,D5,72,350763,78613,49,107
1910,351013,78669,72,C5,72,351634,78808,36,621
1911,351544,78788,54,F#3,63,353477,79221,33,1933
1912,351875,78862,61,C#4,54,353455,79216,36,1580
1913,352053,78902,66,F#4,62,353535,79234,36,1482
1914,352245,78945,69,A4,59,352397,78979,36,152
1915,352473,78996,72,C5,59,352817,79073,41,344
1916,352772,79063,69,A4,37,353504,79227,31,732
1917,353062,79128,72,C5,53,353486,79223,49,424
1918,353093,79135,76,E5,56,353366,79196,15,272
1919,353464,79218,76,E5,37,354053,79350,44,589
1920,354004,79339,59,B3,61,356062,79800,44,2058
1921,354022,79343,75,D#5,59,354384,79424,37,362
1922,354317,79409,66,F#4,56,356093,79807,49,1777
1923,354495,79449,71,B4,57,355285,79626,37,790
1924,354687,79492,75,D#5,47,354906,79541,39,219
1925,354995,79561,79,G5,62,355513,79677,53,518
1926,355004,79563,75,D#5,60,355455,79664,26,451
1927,355464,79666,71,B4,61,356165,79823,36,701
1928,355785,79738,78,F#5,76,356187,79828,44,402
1929,355785,79738,75,D#5,70,356165,79823,37,379
1930,356384,79872,64,E4,56,358406,80325,60,2022
1931,356446,79886,71,B4,44,356584,79917,44,138
1932,356477,79893,74,D5,56,356687,79940,28,210
1933,356504,79899,76,E5,36,356866,79980,17,362
1934,356576,79915,79,G5,57,356946,79998,52,371
1935,356776,79960,71,B4,60,358424,80329,39,1647
1936,356995,80009,76,E5,63,357736,80175,26,741
1937,357236,80063,79,G5,61,357384,80096,42,147
1938,357553,80134,83,B5,70,357803,80190,53,250
1939,357553,80134,81,A5,65,357571,80138,64,18
1940,357794,80188,79,G5,60,358026,80240,28,232
1941,358013,80237,76,E5,44,358406,80325,33,393
1942,358084,80253,81,A5,68,358366,80316,46,281
1943,358343,80311,83,B5,63,358526,80352,36,183
1944,358504,80347,64,E4,63,359294,80524,48,790
1945,358593,80367,71,B4,35,359366,80540,37,772
1946,358625,80374,76,E5,37,358826,80419,36,201
1947,358696,80390,80,G#5,56,359071,80474,44,375
1948,358705,80392,83,B5,60,359334,80533,28,629
1949,358745,80401,86,D6,52,359254,80515,29,509
1950,359026,80464,76,E5,64,359964,80674,23,937
1951,359245,80513,80,G#5,58,359576,80587,33,330
1952,359464,80562,64,E4,60,360616,80820,42,1152
1953,359495,80569,71,B4,31,360567,80809,33,1071
1954,359785,80634,80,G#5,59,360076,80699,44,290
1955,359794,80636,88,E6,61,360084,80701,49,290
1956,359794,80636,83,B5,68,360062,80696,39,268
1957,360183,80723,86,D6,61,360446,80782,39,263
1958,360183,80723,80,G#5,66,360352,80761,46,170
1959,360343,80759,76,E5,52,360544,80804,58,201
1960,360544,80804,84,C6,72,360705,80840,55,161
1961,360986,80903,57,A3,47,362794,81308,21,1808
1962,361053,80918,84,C6,63,361504,81019,11,451
1963,361227,80957,64,E4,55,362772,81303,26,1545
1964,361406,80997,69,A4,53,362227,81181,33,821
1965,361625,81046,72,C5,61,361875,81102,42,250
1966,361826,81091,76,E5,63,362004,81131,31,179
1967,362076,81147,76,E5,57,362915,81335,5,839
1968,362076,81147,79,G5,63,362897,81331,3,821
1969,362084,81149,72,C5,61,362955,81344,26,871
1970,362093,81151,84,C6,62,362727,81293,35,634
1971,362656,81277,69,A4,68,363116,81380,57,460
1972,363165,81391,62,D4,58,365151,81836,24,1987
1973,363352,81433,69,A4,53,365147,81835,31,1795
1974,363526,81472,74,D5,60,364285,81642,33,759
1975,363714,81514,76,E5,59,363973,81572,33,259
1976,363884,81552,78,F#5,62,364134,81608,36,250
1977,364067,81593,79,G5,61,364227,81629,29,161
1978,364285,81642,84,C6,64,364647,81723,57,362
1979,364294,81644,78,F#5,59,364616,81716,5,321
1980,364294,81644,79,G5,60,364625,81718,5,330
1981,364294,81644,76,E5,65,364669,81728,39,375
1982,364834,81765,78,F#5,50,365134,81832,28,299
1983,364843,81767,83,B5,65,365196,81846,33,353
1984,364843,81767,79,G5,52,365187,81844,31,344
1985,364843,81767,76,E5,58,365116,81828,33,272
1986,365375,81886,55,G3,58,367067,82265,49,1692
1987,365384,81888,83,B5,58,365964,82018,9,580
1988,365776,81976,62,D4,64,367058,82263,31,1281
1989,365937,82012,67,G4,50,366553,82150,37,616
1990,366102,82049,71,B4,58,366343,82103,35,241
1991,366263,82085,74,D5,61,366406,82117,52,143
1992,366455,82128,74,D5,66,366812,82208,42,357
1993,366464,82130,78,F#5,70,366826,82211,53,362
1994,366473,82132,71,B4,59,366843,82215,49,371
1995,366477,82133,83,B5,63,366794,82204,53,317
1996,366834,82213,67,G4,46,367495,82361,28,661
1997,367004,82251,78,F#5,63,367223,82300,36,219
1998,367013,82253,81,A5,68,367254,82307,36,241
1999,367013,82253,74,D5,69,367196,82294,26,183
2000,367013,82253,71,B4,60,367285,82314,41,272
2001,367562,82376,60,C4,57,369526,82816,19,1964
2002,367576,82379,74,D5,57,367884,82448,3,308
2003,367576,82379,81,A5,59,368035,82482,31,460
2004,367584,82381,72,C5,56,367834,82437,36,250
2005,367584,82381,76,E5,59,367937,82460,3,353
2006,367754,82419,67,G4,62,369486,82807,21,1732
2007,367955,82464,72,C5,53,368794,82652,33,839
2008,368156,82509,74,D5,62,368357,82554,56,201
2009,368326,82547,76,E5,57,368504,82587,41,179
2010,368477,82581,74,D5,59,368584,82605,50,107
2011,368723,82636,74,D5,65,369924,82905,21,1201
2012,368727,82637,76,E5,68,369915,82903,3,1187
2013,368736,82639,81,A5,59,370125,82950,35,1388
2014,369317,82769,72,C5,60,369495,82809,53,179
2015,369852,82889,54,F#3,62,371584,83277,52,1732
2016,370053,82934,61,C#4,44,371384,83232,3,1330
2017,370205,82968,66,F#4,62,371165,83183,35,960
2018,370415,83015,72,C5,64,370625,83062,33,210
2019,370576,83051,74,D5,53,370834,83109,36,259
2020,370754,83091,76,E5,58,370897,83123,35,143
2021,370964,83138,78,F#5,57,372134,83400,54,1170
2022,370977,83141,74,D5,62,372026,83376,17,1049
2023,370986,83143,72,C5,62,372044,83380,19,1058
2024,371535,83266,66,F#4,64,371656,83293,79,121
2025,372067,83385,59,B3,61,373924,83801,26,1857
2026,372254,83427,66,F#4,64,373875,83790,36,1621
2027,372415,83463,71,B4,57,373576,83723,29,1161
2028,372616,83508,75,D#5,70,372794,83548,41,179
2029,372763,83541,78,F#5,44,372973,83588,44,210
2030,372946,83582,75,D#5,59,373035,83602,50,89
2031,373174,83633,79,G5,62,373495,83705,57,321
2032,373183,83635,75,D#5,70,373464,83698,50,281
2033,373625,83734,75,D#5,68,373906,83797,46,281
2034,373625,83734,81,A5,62,373937,83804,53,312
2035,374245,83873,52,E3,44,374687,83972,36,442
2036,374285,83882,74,D5,57,375156,84077,19,871
2037,374294,83884,76,E5,57,375187,84084,31,893
2038,374317,83889,79,G5,55,375236,84095,29,920
2039,374384,83904,83,B5,44,375254,84099,36,871
2040,374526,83936,59,B3,58,374727,83981,62,201
2041,374714,83978,64,E4,59,374995,84041,29,281
2042,374892,84018,66,F#4,99,375303,84110,19,411
2043,375026,84048,67,G4,44,376093,84287,37,1067
2044,375205,84088,71,B4,49,376214,84314,3,1009
2045,375464,84146,74,D5,57,375785,84218,37,321
2046,375995,84265,76,E5,59,376334,84341,42,339
2047,376384,84352,59,B3,56,376602,84401,36,219
2048,376495,84377,71,B4,47,376776,84440,15,281
2049,376513,84381,74,D5,44,378513,84829,5,2000
2050,376544,84388,76,E5,56,378437,84812,5,1893
2051,376576,84395,79,G5,49,378535,84834,17,1960
2052,376593,84399,83,B5,53,378567,84841,3,1973
2053,377084,84509,57,A3,56,377794,84668,46,710
2054,378272,84775,59,B3,75,378843,84903,31,571
2055,379035,84946,66,F#4,79,379705,85096,47,670
2056,379544,85060,72,C5,37,379884,85136,44,339
2057,379884,85136,66,F#4,56,380116,85188,49,232
2058,380067,85177,72,C5,59,380375,85246,36,308
2059,380067,85177,78,F#5,59,380616,85300,23,549
2060,380067,85177,76,E5,60,380446,85262,23,379
2061,380334,85237,66,F#4,53,380616,85300,44,281
2062,380576,85291,72,C5,67,380964,85378,36,388
2063,380897,85363,76,E5,58,381062,85400,28,165
2064,381102,85409,54,F#3,47,381205,85432,37,103
2065,381473,85492,59,B3,56,382076,85627,35,603
2066,381647,85531,71,B4,57,381857,85578,42,210
2067,382004,85611,78,F#5,79,382562,85736,53,558
2068,382004,85611,75,D#5,76,382576,85739,53,571
2069,382013,85613,71,B4,63,382584,85741,37,571
2070,382567,85737,59,B3,64,383076,85851,36,509
2071,382763,85781,71,B4,64,383156,85869,31,393
2072,382763,85781,75,D#5,78,383053,85846,5,290
2073,382763,85781,78,F#5,79,383044,85844,13,281
2074,383093,85855,79,G5,53,383263,85893,48,170
2075,383254,85891,64,E4,62,383616,85972,46,362
2076,383576,85963,52,E3,63,384884,86256,53,1308
2077,383776,86008,64,E4,64,384343,86135,36,567
2078,384093,86079,71,B4,41,384196,86102,37,103
2079,384285,86122,79,G5,60,384955,86272,33,670
2080,384285,86122,74,D5,64,384803,86238,5,518
2081,384285,86122,76,E5,64,385013,86285,5,728
2082,384294,86124,71,B4,59,384625,86198,42,330
2083,384576,86187,64,E4,36,384875,86254,37,299
2084,384803,86238,71,B4,42,385093,86303,26,290
2085,385053,86294,52,E3,47,386817,86689,39,1763
2086,385303,86350,74,D5,60,385745,86449,3,442
2087,385303,86350,83,B5,47,385803,86462,31,500
2088,385317,86353,71,B4,57,385736,86447,24,420
2089,385326,86355,76,E5,59,385567,86409,15,241
2090,386084,86525,81,A5,49,386593,86639,28,509
2091,386084,86525,74,D5,55,386406,86597,17,321
2092,386102,86529,71,B4,56,386495,86617,33,393
2093,386625,86646,79,G5,58,387303,86798,37,679
2094,386826,86691,64,E4,63,387209,86777,36,384
2095,387334,86805,57,A3,57,389357,87258,5,2022
2096,387513,86845,64,E4,59,389013,87181,3,1500
2097,387656,86877,69,A4,53,388544,87076,35,888
2098,387812,86912,74,D5,48,388013,86957,41,201
2099,387955,86944,76,E5,49,388276,87016,36,321
2100,388343,87031,76,E5,62,389134,87208,5,790
2101,388357,87034,72,C5,57,388834,87141,26,478
2102,388366,87036,79,G5,63,389147,87211,35,781
2103,388857,87146,69,A4,57,389156,87213,29,299
2104,389174,87217,72,C5,53,389254,87235,50,80
2105,389326,87251,62,D4,57,389625,87318,29,299
2106,389357,87258,78,F#5,60,389875,87374,57,518
2107,389366,87260,72,C5,64,389866,87372,39,500
2108,389834,87365,62,D4,57,390705,87560,54,871
2109,390174,87441,78,F#5,74,390446,87502,62,272
2110,390187,87444,72,C5,61,390415,87495,35,228
2111,390705,87560,86,D6,66,390884,87600,49,179
2112,390705,87560,74,D5,58,390906,87605,41,201
2113,390852,87593,62,D4,58,391134,87656,33,281
2114,391183,87667,84,C6,61,391263,87685,58,80
2115,391187,87668,72,C5,55,391285,87690,47,98
2116,391343,87703,55,G3,57,392906,88053,42,1562
2117,391392,87714,71,B4,63,391714,87786,15,321
2118,391397,87715,83,B5,63,391884,87824,26,487
2119,391665,87775,62,D4,57,392950,88063,9,1286
2120,391852,87817,67,G4,57,392696,88006,35,844
2121,392165,87887,71,B4,52,392303,87918,36,138
2122,392334,87925,74,D5,57,392705,88008,35,371
2123,392651,87996,76,E5,49,392875,88046,49,223
2124,392826,88035,78,F#5,58,392955,88064,57,129
2125,393134,88104,55,G3,39,394915,88503,28,1781
2126,393156,88109,74,D5,56,393696,88230,13,540
2127,393156,88109,83,B5,42,393723,88236,37,567
2128,393165,88111,71,B4,55,393714,88234,31,549
2129,393174,88113,78,F#5,62,393705,88232,33,531
2130,393647,88219,62,D4,49,394906,88501,5,1259
2131,393875,88270,83,B5,64,394205,88344,41,330
2132,393884,88272,78,F#5,53,393946,88286,47,62
2133,393884,88272,71,B4,65,394116,88324,29,232
2134,394205,88344,67,G4,50,394455,88400,39,250
2135,394357,88378,82,A#5,67,394776,88472,17,420
2136,394696,88454,67,G4,59,394924,88505,36,228
2137,394866,88492,83,B5,57,395013,88525,42,147
2138,394875,88494,82,A#5,36,394986,88519,36,112
2139,395303,88590,54,F#3,60,396875,88942,36,1571
2140,395334,88597,78,F#5,59,395584,88653,48,250
2141,395334,88597,84,C6,58,395607,88658,46,272
2142,395334,88597,81,A5,61,395575,88651,53,241
2143,395745,88689,78,F#5,50,396125,88774,41,379
2144,395745,88689,84,C6,56,396156,88781,50,411
2145,395745,88689,81,A5,52,396125,88774,42,379
2146,396147,88779,66,F#4,50,396642,88890,49,496
2147,396634,88888,78,F#5,59,397044,88980,5,411
2148,396634,88888,81,A5,62,397053,88982,37,420
2149,396803,88926,66,F#4,59,396955,88960,67,152
2150,397334,89045,78,F#5,54,397866,89164,57,531
2151,397334,89045,59,B3,59,399142,89450,53,1808
2152,397343,89047,75,D#5,53,397866,89164,56,522
2153,397825,89155,66,F#4,44,399075,89435,31,1250
2154,398156,89229,75,D#5,76,398593,89327,28,437
2155,398156,89229,78,F#5,88,398607,89330,24,451
2156,398696,89350,83,B5,66,399062,89432,35,366
2157,398866,89388,71,B4,52,399084,89437,53,219
2158,399343,89495,52,E3,53,400044,89652,35,701
2159,399415,89511,64,E4,53,399526,89536,46,112
2160,399424,89513,83,B5,58,400035,89650,36,612
2161,399433,89515,74,D5,58,400035,89650,13,603
2162,399433,89515,79,G5,63,400067,89657,15,634
2163,399433,89515,76,E5,60,400107,89666,5,674
2164,399924,89625,64,E4,67,400116,89668,39,192
2165,400424,89737,83,B5,56,401044,89876,3,621
2166,400424,89737,76,E5,57,400817,89825,5,393
2167,400424,89737,79,G5,58,400995,89865,3,571
2168,400437,89740,57,A3,56,400986,89863,59,549
2169,400446,89742,73,C#5,58,400696,89798,39,250
2170,400446,89742,69,A4,49,400897,89843,39,451
2171,400906,89845,73,C#5,56,401053,89878,57,147
2172,401285,89930,50,D3,44,401495,89977,47,210
2173,401375,89950,62,D4,36,401535,89986,48,161
2174,401415,89959,83,B5,57,402084,90109,35,670
2175,401415,89959,77,F5,60,401955,90080,26,540
2176,401424,89961,74,D5,58,401977,90085,26,554
2177,401745,90033,53,F3,58,401825,90051,58,80
2178,401754,90035,65,F4,52,401834,90053,56,80
2179,401964,90082,54,F#3,59,402062,90104,36,98
2180,401977,90085,66,F#4,76,402093,90111,49,116
2181,402285,90154,55,G3,47,403384,90400,53,1098
2182,402317,90161,74,D5,42,402857,90282,36,540
2183,402317,90161,77,F5,57,403093,90335,5,777
2184,402317,90161,83,B5,58,403035,90322,42,719
2185,402857,90282,67,G4,48,403245,90369,54,388
2186,403049,90325,74,D5,59,403343,90391,39,295
2187,403544,90436,48,C3,64,405455,90864,5,1911
2188,403575,90443,72,C5,57,403995,90537,35,420
2189,403584,90445,60,C4,61,404236,90591,50,652
2190,403607,90450,76,E5,49,403995,90537,36,388
2191,403634,90456,79,G5,47,404004,90539,36,371
2192,403696,90470,83,B5,63,403995,90537,47,299
2193,404134,90568,76,E5,61,404392,90626,36,259
2194,404142,90570,72,C5,57,404424,90633,35,281
2195,404147,90571,81,A5,57,404424,90633,46,277
2196,404424,90633,60,C4,46,404745,90705,33,321
2197,404616,90676,76,E5,68,404937,90748,33,321
2198,404616,90676,81,A5,66,405053,90774,11,437
2199,404625,90678,72,C5,63,405334,90837,5,710
2200,405125,90790,60,C4,47,405477,90869,31,353
2201,405125,90790,79,G5,62,405294,90828,47,170
2202,405705,90920,78,F#5,57,406526,91104,56,821
2203,405705,90920,75,D#5,56,406513,91101,36,808
2204,405727,90925,59,B3,59,406334,91061,53,607
2205,405727,90925,71,B4,55,406325,91059,36,598
2206,406522,91103,59,B3,57,407116,91236,42,594
2207,406754,91155,75,D#5,78,407075,91227,36,321
2208,406754,91155,78,F#5,84,407067,91225,44,312
2209,406754,91155,71,B4,61,407156,91245,35,402
2210,407093,91231,79,G5,59,407285,91274,35,192
2211,407223,91260,59,B3,64,407384,91296,44,161
2212,407415,91303,78,F#5,57,407593,91343,44,179
2213,407763,91381,52,E3,59,410986,92103,26,3223
2214,407776,91384,76,E5,57,408035,91442,57,259
2215,408067,91449,64,E4,41,408825,91619,3,759
2216,408272,91495,67,G4,44,408433,91531,33,161
2217,408584,91565,71,B4,53,409026,91664,35,442
2218,409067,91673,74,D5,58,409357,91738,33,290
2219,409245,91713,64,E4,53,409785,91834,33,540
2220,409575,91787,69,A4,35,409625,91798,31,49
2221,409754,91827,74,D5,62,410013,91885,37,259
2222,409754,91827,76,E5,55,410044,91892,39,290
2223,409763,91829,71,B4,58,409986,91879,15,223
2224,409776,91832,69,A4,52,410013,91885,29,237
2225,410294,91948,64,E4,48,410933,92091,29,638
2226,411134,92136,64,E4,68,411303,92174,53,170
2227,411674,92257,55,G3,33,411772,92279,36,98
2228,411736,92271,56,G#3,60,411892,92306,62,156
2229,411866,92300,57,A3,62,412334,92405,39,469
2230,412357,92410,76,E5,58,412504,92443,39,147
2231,412366,92412,67,G4,58,412495,92441,33,129
2232,412366,92412,72,C5,63,412486,92439,52,121
2233,412843,92519,72,C5,75,413214,92602,23,371
2234,412843,92519,67,G4,60,413214,92602,26,371
2235,412843,92519,76,E5,67,413263,92613,31,420
2236,413196,92598,60,C4,59,413343,92631,31,147
2237,413317,92625,61,C#4,64,413625,92694,36,308
2238,413665,92703,62,D4,61,414107,92802,46,442
2239,414142,92810,76,E5,46,414375,92862,42,232
2240,414156,92813,72,C5,52,414357,92858,23,201
2241,414165,92815,66,F#4,53,414352,92857,35,187
2242,414165,92815,69,A4,37,414312,92848,15,147
2243,414375,92862,62,D4,64,414803,92958,5,429
2244,414705,92936,66,F#4,48,414776,92952,53,71
2245,414866,92972,76,E5,64,415093,93023,37,228
2246,414875,92974,69,A4,59,415067,93017,17,192
2247,414875,92974,72,C5,62,415067,93017,23,192
2248,414875,92974,66,F#4,64,415075,93019,41,201
2249,415174,93041,66,F#4,55,415397,93091,36,223
2250,415187,93044,69,A4,55,415375,93086,19,187
2251,415187,93044,74,D5,59,415477,93109,31,290
2252,415375,93086,62,D4,64,415834,93189,31,460
2253,415696,93158,66,F#4,54,415852,93193,41,156
2254,415843,93191,55,G3,60,416343,93303,39,500
2255,416343,93303,72,C5,58,416495,93337,36,152
2256,416343,93303,69,A4,56,416495,93337,36,152
2257,416343,93303,66,F#4,59,416513,93341,36,170
2258,416357,93306,74,D5,55,416495,93337,35,138
2259,416843,93415,69,A4,59,417107,93474,15,263
2260,416843,93415,74,D5,58,417263,93509,31,420
2261,416857,93418,66,F#4,57,417134,93480,37,277
2262,417187,93492,55,G3,57,417584,93581,53,397
2263,417343,93527,66,F#4,53,417785,93626,23,442
2264,417696,93606,60,C4,65,418205,93720,47,509
2265,418205,93720,72,C5,60,418464,93778,11,259
2266,418214,93722,67,G4,54,418477,93781,3,263
2267,418214,93722,69,A4,58,418366,93756,29,152
2268,418683,93827,60,C4,41,418825,93859,11,143
2269,418906,93877,71,B4,59,419955,94112,33,1049
2270,418906,93877,67,G4,52,419607,94034,5,701
2271,419397,93987,60,C4,60,419665,94047,50,268
2272,419915,94103,54,F#3,76,420875,94318,39,960
2273,420406,94213,72,C5,61,420567,94249,53,161
2274,420424,94217,69,A4,68,420593,94255,36,170
2275,420915,94327,66,F#4,59,421223,94396,44,308
2276,420915,94327,69,A4,59,421254,94403,13,339
2277,420915,94327,72,C5,63,421397,94435,26,482
2278,421223,94396,54,F#3,47,421763,94517,37,540
2279,421424,94441,66,F#4,56,421535,94466,49,112
2280,421745,94513,59,B3,64,423236,94847,26,1491
2281,422214,94618,75,D#5,57,422446,94670,50,232
2282,422227,94621,71,B4,61,422446,94670,33,219
2283,422683,94723,75,D#5,59,422812,94752,55,129
2284,422696,94726,71,B4,64,422794,94748,49,98
2285,422946,94782,75,D#5,61,423147,94827,41,201
2286,422950,94783,71,B4,67,423093,94815,31,143
2287,423303,94862,76,E5,58,423415,94887,57,112
2288,423303,94862,71,B4,60,423455,94896,31,152
2289,423464,94898,59,B3,60,423647,94939,44,183
2290,423687,94948,78,F#5,41,423897,94995,35,210
2291,423973,95012,52,E3,62,425584,95373,58,1612
2292,423973,95012,79,G5,59,424245,95073,33,272
2293,424285,95082,64,E4,52,424803,95198,39,518
2294,424464,95122,71,B4,61,424584,95149,46,121
2295,424794,95196,71,B4,56,425254,95299,23,460
2296,424794,95196,79,G5,64,425384,95328,28,589
2297,424794,95196,76,E5,66,425366,95324,33,571
2298,424794,95196,74,D5,67,425334,95317,28,540
2299,425294,95308,64,E4,52,425584,95373,33,290
2300,425486,95351,79,G5,52,425656,95389,37,170
2301,425504,95355,76,E5,44,425625,95382,35,121
2302,425504,95355,71,B4,59,425705,95400,29,201
2303,425772,95415,52,E3,55,427727,95853,9,1955
2304,425897,95443,64,E4,48,426053,95478,36,156
2305,425977,95461,80,G#5,59,426384,95552,42,406
2306,425995,95465,71,B4,58,426334,95541,41,339
2307,425995,95465,74,D5,59,426343,95543,36,348
2308,426325,95539,64,E4,56,426915,95671,36,589
2309,426504,95579,71,B4,62,426625,95606,44,121
2310,426834,95653,80,G#5,82,427303,95758,50,469
2311,426843,95655,71,B4,67,427303,95758,29,460
2312,426843,95655,74,D5,75,427276,95752,26,433
2313,427357,95770,64,E4,31,427705,95848,26,348
2314,427544,95812,80,G#5,76,427785,95866,42,241
2315,427544,95812,74,D5,75,427696,95846,44,152
2316,427544,95812,71,B4,61,427705,95848,37,161
2317,428093,95935,76,E5,55,428205,95960,55,112
2318,428093,95935,81,A5,55,428227,95965,48,134
2319,428093,95935,72,C5,53,428214,95962,41,121
2320,428107,95938,57,A3,59,428303,95982,31,196
2321,428433,96011,72,C5,64,428794,96092,31,362
2322,428437,96012,76,E5,75,428785,96090,33,348
2323,428437,96012,81,A5,67,428776,96088,29,339
2324,428955,96128,57,A3,54,429366,96220,46,411
2325,429004,96139,81,A5,67,429924,96345,21,920
2326,429004,96139,72,C5,65,429924,96345,5,920
2327,429004,96139,76,E5,75,429955,96352,5,951
2328,429553,96262,60,C4,57,429736,96303,47,183
2329,429696,96294,61,C#4,57,430013,96365,39,317
2330,430031,96369,62,D4,56,430575,96491,29,545
2331,430236,96415,74,D5,59,430526,96480,28,290
2332,430562,96488,50,D3,61,432165,96847,5,1603
2333,430763,96533,62,D4,57,431584,96717,39,821
2334,431084,96605,78,F#5,57,431424,96681,37,339
2335,431084,96605,81,A5,63,431424,96681,36,339
2336,431084,96605,84,C6,59,431446,96686,39,362
2337,431093,96607,74,D5,59,431446,96686,37,353
2338,431602,96721,78,F#5,78,431937,96796,11,335
2339,431607,96722,81,A5,79,432075,96827,36,469
2340,431607,96722,84,C6,67,432053,96822,33,446
2341,431616,96724,74,D5,65,431875,96782,31,259
2342,431776,96760,62,D4,58,432254,96867,33,478
2343,432303,96878,55,G3,56,432625,96950,35,321
2344,432325,96883,78,F#5,53,432495,96921,44,170
2345,432325,96883,86,D6,52,432504,96923,28,179
2346,432334,96885,83,B5,61,432513,96925,36,179
2347,432696,96966,83,B5,72,432937,97020,35,241
2348,432705,96968,86,D6,60,432955,97024,42,250
2349,432705,96968,78,F#5,70,432946,97022,36,241
2350,432714,96970,55,G3,44,433334,97109,11,621
2351,433174,97073,78,F#5,70,433455,97136,44,281
2352,433183,97075,83,B5,73,433424,97129,35,241
2353,433187,97076,86,D6,65,433446,97134,36,259
2354,433464,97138,55,G3,17,433584,97165,33,121
2355,433665,97183,84,C6,60,433883,97232,37,219
2356,433674,97185,78,F#5,62,433924,97241,36,250
2357,433843,97223,55,G3,60,434053,97270,52,210
2358,434196,97302,83,B5,59,434285,97322,57,89
2359,434366,97340,60,C4,53,436147,97739,5,1781
2360,434366,97340,83,B5,68,434794,97436,15,429
2361,434674,97409,67,G4,58,436116,97732,5,1442
2362,434866,97452,72,C5,58,435334,97557,31,469
2363,435205,97528,76,E5,59,435656,97629,35,451
2364,435214,97530,74,D5,58,435406,97573,21,192
2365,435736,97647,79,G5,57,436745,97873,3,1009
2366,435883,97680,72,C5,57,436075,97723,68,192
2367,436406,97797,54,F#3,54,438147,98187,3,1741
2368,436736,97871,61,C#4,58,437866,98124,5,1129
2369,436883,97904,66,F#4,66,437776,98104,39,893
2370,437236,97983,72,C5,66,437325,98003,56,89
2371,437415,98023,74,D5,64,437647,98075,42,232
2372,437424,98025,72,C5,62,437656,98077,37,232
2373,437794,98108,72,C5,64,438035,98162,35,241
2374,437794,98108,76,E5,72,438026,98160,28,232
2375,437946,98142,66,F#4,60,438205,98200,57,259
2376,438205,98200,78,F#5,62,438276,98216,33,71
2377,438236,98207,79,G5,59,438406,98245,33,170
2378,438513,98269,59,B3,54,440276,98664,50,1763
2379,438535,98274,78,F#5,62,439254,98435,21,719
2380,438986,98375,66,F#4,79,440196,98646,36,1210
2381,439366,98460,75,D#5,67,439785,98554,49,420
2382,439366,98460,71,B4,57,440187,98644,36,821
2383,439366,98460,78,F#5,76,439794,98556,57,429
2384,439919,98584,79,G5,64,440196,98646,35,277
2385,439933,98587,75,D#5,62,440165,98639,44,232
2386,440125,98630,78,F#5,62,440455,98704,36,330
2387,440486,98711,76,E5,61,440843,98791,31,357
2388,440625,98742,52,E3,50,442375,99134,56,1750
2389,440906,98805,59,B3,48,442366,99132,5,1460
2390,441093,98847,64,E4,63,442125,99078,35,1031
2391,441406,98917,66,F#4,79,441504,98939,56,98
2392,441567,98953,67,G4,62,441683,98979,44,116
2393,441883,99024,69,A4,64,442093,99071,3,210
2394,442075,99067,71,B4,60,442165,99087,53,89
2395,442406,99141,67,G4,33,442450,99151,41,45
2396,442544,99172,52,E3,54,444053,99510,31,1509
2397,442562,99176,71,B4,64,443174,99313,5,612
2398,442575,99179,74,D5,59,443174,99313,35,598
2399,442575,99179,76,E5,59,443196,99318,33,621
2400,442580,99180,67,G4,64,443196,99318,35,616
2401,443084,99293,59,B3,59,443745,99441,3,661
2402,443366,99356,76,E5,53,443593,99407,46,228
2403,443366,99356,71,B4,59,443584,99405,3,219
2404,443375,99358,67,G4,53,444026,99504,5,652
2405,443553,99398,75,D#5,60,443986,99495,28,433
2406,444035,99506,76,E5,56,444133,99528,59,98
2407,444053,99510,64,E4,64,444165,99535,50,112
2408,444067,99513,75,D#5,39,444093,99519,36,27
2409,444504,99611,54,F#3,55,445942,99933,36,1437
2410,444526,99616,76,E5,56,444696,99654,53,170
2411,444526,99616,78,F#5,49,444705,99656,57,179
2412,444535,99618,72,C5,57,444714,99658,41,179
2413,445004,99723,78,F#5,76,445317,99793,56,312
2414,445013,99725,76,E5,67,445294,99788,36,281
2415,445017,99726,72,C5,67,445312,99792,41,295
2416,445375,99806,61,C#4,29,445825,99907,3,451
2417,445513,99837,72,C5,67,445745,99889,42,232
2418,445513,99837,76,E5,73,445727,99885,48,214
2419,445794,99900,66,F#4,47,446035,99954,48,241
2420,446035,99954,76,E5,77,446236,99999,39,201
2421,446035,99954,72,C5,68,446397,100035,44,362
2422,446504,100059,59,B3,57,448227,100445,3,1723
2423,446544,100068,75,D#5,62,446924,100153,48,379
2424,446866,100140,66,F#4,54,448183,100435,35,1317
2425,447026,100176,71,B4,61,447397,100259,31,371
2426,447343,100247,75,D#5,76,447754,100339,39,411
2427,447343,100247,78,F#5,82,447794,100348,36,451
2428,447875,100366,76,E5,65,448075,100411,26,201
2429,448004,100395,71,B4,52,448196,100438,44,192
2430,448334,100469,78,F#5,57,448504,100507,42,170
2431,448495,100505,52,E3,66,450263,100901,50,1768
2432,448504,100507,79,G5,61,448705,100552,42,201
2433,448794,100572,59,B3,57,450285,100906,33,1491
2434,448977,100613,64,E4,65,450276,100904,29,1299
2435,449276,100680,71,B4,73,449526,100736,28,250
2436,449745,100785,74,D5,67,449986,100839,42,241
2437,449973,100836,71,B4,61,450272,100903,33,299
2438,450397,100931,52,E3,57,451955,101280,29,1558
2439,450446,100942,74,D5,58,450973,101060,33,527
2440,450446,100942,76,E5,52,450973,101060,41,527
2441,450455,100944,79,G5,56,451004,101067,46,549
2442,450455,100944,71,B4,50,450995,101065,36,540
2443,450906,101045,59,B3,60,451937,101276,5,1031
2444,451223,101116,79,G5,72,451406,101157,19,183
2445,451227,101117,71,B4,65,451334,101141,36,107
2446,451375,101150,78,F#5,67,451754,101235,57,379
2447,451383,101152,71,B4,33,451665,101215,5,281
2448,451723,101228,79,G5,75,452093,101311,24,371
2449,451897,101267,64,E4,59,452406,101381,35,509
2450,452406,101381,81,A5,57,452696,101446,28,290
2451,452406,101381,57,A3,58,454022,101743,5,1616
2452,452705,101448,64,E4,60,453928,101722,3,1223
2453,452897,101491,69,A4,59,453276,101576,37,379
2454,453183,101555,76,E5,64,453906,101717,33,723
2455,453187,101556,74,D5,62,453714,101674,24,527
2456,453196,101558,72,C5,60,453616,101652,28,420
2457,453714,101674,69,A4,60,453995,101737,52,281
2458,453897,101715,72,C5,59,454205,101784,28,308
2459,454174,101777,78,F#5,60,454276,101800,47,103
2460,454325,101811,50,D3,56,455924,102169,36,1598
2461,454357,101818,78,F#5,63,454897,101939,44,540
2462,454366,101820,74,D5,68,454714,101898,26,348
2463,454366,101820,72,C5,63,454696,101894,44,330
2464,454727,101901,62,D4,59,456008,102188,36,1281
2465,454897,101939,72,C5,59,455205,102008,44,308
2466,455705,102120,74,D5,70,455834,102149,36,129
2467,455705,102120,86,D6,73,455817,102145,57,112
2468,456053,102198,72,C5,62,456196,102230,50,143
2469,456067,102201,84,C6,62,456165,102223,53,98
2470,456383,102272,55,G3,56,458357,102714,42,1973
2471,456424,102281,71,B4,65,456763,102357,31,339
2472,456424,102281,83,B5,73,456924,102393,5,500
2473,456696,102342,62,D4,55,458285,102698,5,1589
2474,456906,102389,67,G4,61,458294,102700,26,1388
2475,457187,102452,71,B4,65,457705,102568,31,518
2476,457625,102550,74,D5,60,457883,102608,39,259
2477,457817,102593,78,F#5,58,458067,102649,33,250
2478,458102,102657,71,B4,54,458183,102675,48,80
2479,458272,102695,74,D5,66,458486,102743,31,214
2480,458272,102695,78,F#5,64,458522,102751,36,250
2481,458276,102696,83,B5,60,458526,102752,33,250
2482,458281,102697,71,B4,62,458562,102760,24,281
2483,458593,102767,55,G3,52,459803,103038,3,1210
2484,458785,102810,83,B5,64,459125,102886,44,339
2485,458794,102812,71,B4,60,459084,102877,35,290
2486,459272,102919,82,A#5,76,459625,102998,49,353
2487,459285,102922,71,B4,67,459607,102994,42,321
2488,459584,102989,67,G4,59,459803,103038,39,219
2489,459776,103032,83,B5,67,459955,103072,46,179
2490,459785,103034,71,B4,64,459892,103058,44,107
2491,460272,103143,54,F#3,60,461915,103511,37,1643
2492,460285,103146,77,F5,46,460535,103202,42,250
2493,460285,103146,81,A5,57,460486,103191,31,201
2494,460285,103146,85,C#6,59,460535,103202,39,250
2495,460763,103253,81,A5,57,461125,103334,36,362
2496,460785,103258,78,F#5,58,461147,103339,39,362
2497,460794,103260,61,C#4,42,461187,103348,21,393
2498,461093,103327,66,F#4,59,461397,103395,41,304
2499,461272,103367,81,A5,59,461575,103435,35,304
2500,461272,103367,84,C6,64,461607,103442,44,335
2501,461285,103370,78,F#5,58,461593,103439,41,308
2502,461625,103446,66,F#4,47,462004,103531,56,379
2503,461803,103486,84,C6,59,462236,103583,3,433
2504,461812,103488,78,F#5,54,462406,103621,3,594
2505,461817,103489,81,A5,59,462102,103553,17,286
2506,462325,103603,59,B3,66,463812,103936,33,1487
2507,462633,103672,66,F#4,54,463937,103964,37,1304
2508,462785,103706,71,B4,57,463214,103802,28,429
2509,463147,103787,78,F#5,93,463464,103858,53,317
2510,463147,103787,75,D#5,82,463455,103856,48,308
2511,463642,103898,79,G5,64,464084,103997,29,442
2512,463656,103901,75,D#5,64,463986,103975,3,330
2513,463817,103937,71,B4,57,464214,104026,23,397
2514,464375,104062,64,E4,59,464575,104107,55,201
2515,464375,104062,76,E5,59,464656,104125,35,281
2516,464383,104064,79,G5,59,464656,104125,42,272
2517,464383,104064,83,B5,57,464656,104125,36,272
2518,464383,104064,74,D5,58,464656,104125,35,272
2519,464687,104132,64,E4,59,464906,104181,53,219
2520,464866,104172,76,E5,72,465053,104214,31,187
2521,464866,104172,79,G5,73,465116,104228,29,250
2522,464866,104172,83,B5,62,465116,104228,33,250
2523,464875,104174,74,D5,65,465035,104210,50,161
2524,465165,104239,74,D5,57,465214,104250,50,49
2525,465343,104279,57,A3,60,465495,104313,39,152
2526,465352,104281,79,G5,63,465642,104346,26,290
2527,465357,104282,76,E5,62,465593,104335,3,237
2528,465357,104282,83,B5,65,465665,104351,36,308
2529,465366,104284,73,C#5,70,465656,104349,36,290
2530,465696,104358,57,A3,57,465857,104394,48,161
2531,465843,104391,83,B5,62,466075,104443,35,232
2532,465843,104391,79,G5,63,466075,104443,33,232
2533,465843,104391,73,C#5,68,466107,104450,36,263
2534,465857,104394,76,E5,63,466004,104427,36,147
2535,466383,104512,77,F5,63,466714,104586,3,330
2536,466397,104515,62,D4,63,466625,104566,37,228
2537,466397,104515,83,B5,62,466763,104597,5,366
2538,466397,104515,74,D5,59,466723,104588,17,326
2539,466745,104593,65,F4,79,466946,104638,58,201
2540,466875,104622,66,F#4,74,467174,104689,36,299
2541,467205,104696,67,G4,64,467745,104817,26,540
2542,467227,104701,77,F5,67,467736,104815,28,509
2543,467227,104701,83,B5,64,467825,104835,5,598
2544,467236,104703,74,D5,67,467687,104804,37,451
2545,467687,104804,55,G3,67,468254,104931,33,567
2546,467883,104848,74,D5,72,468116,104900,31,232
2547,468383,104960,60,C4,60,469504,105211,39,1121
2548,468397,104963,83,B5,61,468562,105000,42,165
2549,468397,104963,76,E5,65,468575,105003,42,179
2550,468406,104965,79,G5,64,468584,105005,44,179
2551,468406,104965,72,C5,64,468575,105003,41,170
2552,468714,105034,72,C5,59,468883,105072,37,170
2553,468714,105034,81,A5,61,468892,105074,49,179
2554,468714,105034,76,E5,64,468866,105068,42,152
2555,469053,105110,76,E5,63,469205,105144,48,152
2556,469062,105112,81,A5,59,469214,105146,53,152
2557,469066,105113,72,C5,57,469227,105149,37,161
2558,469397,105187,76,E5,57,469696,105254,29,299
2559,469397,105187,72,C5,48,469754,105267,35,357
2560,469406,105189,81,A5,53,469736,105263,39,330
2561,469785,105274,79,G5,67,470147,105355,53,362
2562,469794,105276,60,C4,61,470227,105373,36,433
2563,470165,105359,72,C5,57,470522,105439,36,357
2564,470553,105446,59,B3,64,472214,105818,3,1661
2565,470575,105451,78,F#5,60,471312,105616,47,737
2566,470575,105451,75,D#5,57,471303,105614,36,728
2567,470924,105529,66,F#4,64,472205,105816,31,1281
2568,471214,105594,71,B4,56,472196,105814,26,982
2569,471616,105684,75,D#5,76,471995,105769,52,379
2570,471616,105684,78,F#5,88,471955,105760,50,339
2571,471977,105765,79,G5,60,472375,105854,35,397
2572,472303,105838,78,F#5,59,472674,105921,39,371
2573,472794,105948,76,E5,59,474383,106304,3,1589
2574,473843,106183,64,E4,64,475486,106551,49,1643
2575,474875,106414,71,B4,28,475504,106555,39,629
2576,474906,106421,76,E5,42,475513,106557,37,607
2577,475866,106636,64,E4,41,476665,106815,31,799
2578,475937,106652,79,G5,57,476187,106708,29,250
2579,475946,106654,76,E5,29,476093,106687,36,147
2580,475986,106663,83,B5,35,476263,106725,31,277
2581,476004,106667,71,B4,3,476553,106790,3,549
2582,476053,106678,88,E6,33,476504,106779,35,451
2583,476526,106784,76,E5,53,476607,106802,67,80
2584,476535,106786,86,D6,59,476875,106862,48,339
2585,477044,106900,57,A3,52,478633,107256,3,1589
2586,477053,106902,86,D6,59,477683,107043,13,629
2587,477366,106972,64,E4,53,478647,107259,7,1281
2588,477522,107007,69,A4,57,478004,107115,29,482
2589,477892,107090,84,C6,64,478535,107234,26,643
2590,477897,107091,79,G5,58,478424,107209,36,527
2591,478455,107216,69,A4,55,478955,107328,35,500
2592,478625,107254,79,G5,63,479013,107341,33,388
2593,478946,107326,84,C6,46,479093,107359,28,147
2594,479116,107364,62,D4,53,480892,107762,3,1777
2595,479397,107427,69,A4,44,480857,107754,5,1460
2596,479575,107467,74,D5,55,480584,107693,26,1009
2597,479656,107485,78,F#5,62,479986,107559,36,330
2598,479803,107518,81,A5,56,480066,107577,35,263
2599,479955,107552,84,C6,63,480098,107584,47,143
2600,480165,107599,78,F#5,56,480754,107731,29,589
2601,480174,107601,88,E6,79,480513,107677,46,339
2602,480174,107601,81,A5,52,480495,107673,11,321
2603,480616,107700,86,D6,57,481437,107884,3,821
2604,481133,107816,67,G4,57,482794,108188,5,1661
2605,481473,107892,74,D5,57,482464,108114,29,991
2606,481625,107926,79,G5,58,481964,108002,39,339
2607,481964,108002,78,F#5,56,482165,108047,53,201
2608,482125,108038,83,B5,61,482397,108099,33,272
2609,482455,108112,81,A5,63,482674,108161,36,219
2610,482616,108148,74,D5,65,482825,108195,44,210
2611,482825,108195,79,G5,65,482986,108231,42,161
2612,483147,108267,60,C4,49,484834,108645,21,1687
2613,483174,108273,76,E5,69,483633,108376,35,460
2614,483455,108336,68,G#4,42,483553,108358,15,98
2615,483455,108336,67,G4,60,484816,108641,9,1362
2616,483665,108383,72,C5,57,484437,108556,36,772
2617,483995,108457,74,D5,65,484285,108522,46,290
2618,484464,108562,76,E5,72,485022,108687,5,558
2619,484486,108567,74,D5,62,484656,108605,33,170
2620,484665,108607,72,C5,58,484915,108663,46,250
2621,485013,108685,74,D5,44,485357,108762,13,344
2622,485187,108724,54,F#3,58,487044,109140,33,1857
2623,485504,108795,61,C#4,39,486964,109122,5,1460
2624,485696,108838,66,F#4,64,486544,109028,39,848
2625,485995,108905,69,A4,68,486187,108948,31,192
2626,486156,108941,72,C5,53,486455,109008,26,299
2627,486526,109024,72,C5,42,486745,109073,35,219
2628,486544,109028,76,E5,60,486745,109073,52,201
2629,486544,109028,69,A4,53,486803,109086,29,259
2630,486709,109065,66,F#4,57,487142,109162,28,433
2631,487026,109136,75,D#5,53,487584,109261,21,558
2632,487866,109324,55,G3,60,488375,109438,47,509
2633,488785,109530,54,F#3,48,489544,109700,60,759
2634,488986,109575,61,C#4,35,489486,109687,35,500
2635,489062,109592,66,F#4,48,489584,109709,63,522
2636,489174,109617,69,A4,44,489803,109758,28,629
2637,489187,109620,72,C5,56,489714,109738,15,527
2638,489263,109637,76,E5,37,489875,109774,47,612
2639,489955,109792,59,B3,53,491866,110220,47,1911
2640,490066,109817,66,F#4,54,491875,110222,39,1808
2641,490116,109828,71,B4,37,490696,109958,44,580
2642,490196,109846,75,D#5,55,490294,109868,39,98
2643,490227,109853,78,F#5,56,490883,110000,56,656
2644,490236,109855,76,E5,57,490285,109866,44,49
2645,490736,109967,75,D#5,15,490843,109991,31,107
2646,490866,109996,71,B4,57,491946,110238,28,1080
2647,491214,110074,75,D#5,82,491424,110121,29,210
2648,491214,110074,78,F#5,93,491455,110128,35,241
2649,491544,110148,79,G5,64,491772,110199,31,228
2650,491883,110224,81,A5,68,492111,110275,33,228
2651,492245,110305,64,E4,46,493334,110549,48,1089
2652,492754,110419,74,D5,36,492937,110460,37,183
2653,492776,110424,76,E5,52,492955,110464,49,179
2654,492794,110428,79,G5,57,492977,110469,57,183
2655,492834,110437,83,B5,52,492995,110473,56,161
2656,493254,110531,76,E5,68,493674,110625,33,420
2657,493254,110531,79,G5,81,494053,110710,21,799
2658,493254,110531,83,B5,77,493794,110652,3,540
2659,493254,110531,74,D5,64,493625,110614,39,371
2660,493607,110610,64,E4,70,493955,110688,31,348
2661,493816,110657,74,D5,59,494093,110719,36,277
2662,493866,110668,83,B5,31,494084,110717,33,219
2663,494294,110764,50,D3,52,494575,110827,44,281
2664,494303,110766,80,G#5,62,495093,110943,59,790
2665,494312,110768,74,D5,55,495093,110943,41,781
2666,494312,110768,76,E5,59,495075,110939,41,763
2667,494794,110876,52,E3,58,495776,111096,41,982
2668,495066,110937,59,B3,59,495772,111095,19,705
2669,495616,111060,64,E4,62,496125,111174,31,509
2670,495625,111062,74,D5,65,495727,111085,46,103
2671,495625,111062,76,E5,68,495785,111098,19,161
2672,495625,111062,80,G#5,84,495843,111111,50,219
2673,495857,111114,74,D5,67,496066,111161,36,210
2674,496227,111197,57,A3,56,497875,111566,37,1647
2675,496325,111219,72,C5,56,496593,111279,33,268
2676,496357,111226,76,E5,56,496575,111275,35,219
2677,496375,111230,79,G5,53,496593,111279,47,219
2678,496397,111235,84,C6,53,496616,111284,42,219
2679,496843,111335,76,E5,60,497415,111463,35,571
2680,496843,111335,79,G5,64,497406,111461,36,562
2681,496843,111335,84,C6,62,497397,111459,47,554
2682,496852,111337,72,C5,60,497375,111454,36,522
2683,497312,111440,64,E4,62,497875,111566,19,562
2684,497625,111510,86,D6,59,497812,111552,41,187
2685,497633,111512,79,G5,61,497857,111562,31,223
2686,497642,111514,76,E5,59,497875,111566,31,232
2687,497647,111515,69,A4,55,498133,111624,35,487
2688,497995,111593,84,C6,58,498156,111629,36,161
2689,498013,111597,76,E5,26,498044,111604,42,31
2690,498334,111669,62,D4,50,499892,112018,31,1558
2691,498352,111673,72,C5,46,498625,111734,15,272
2692,498357,111674,76,E5,57,498593,111727,29,237
2693,498357,111674,79,G5,59,498816,111777,24,460
2694,498357,111674,83,B5,53,498924,111801,26,567
2695,498687,111748,69,A4,44,499857,112010,26,1170
2696,498857,111786,74,D5,59,499343,111895,39,487
2697,499205,111864,81,A5,61,499705,111976,47,500
2698,499205,111864,78,F#5,61,499674,111969,44,469
2699,499705,111976,74,D5,55,499857,112010,62,152
2700,499834,112005,78,F#5,60,500196,112086,47,362
2701,500156,112077,81,A5,52,500276,112104,37,121
2702,500316,112113,78,F#5,58,500834,112229,37,518
2703,500316,112113,55,G3,63,501825,112451,9,1509
2704,500325,112115,74,D5,50,500754,112211,29,429
2705,500325,112115,83,B5,60,500866,112236,44,540
2706,500593,112175,62,D4,54,501754,112435,5,1161
2707,500781,112217,67,G4,55,501236,112319,31,455
2708,501075,112283,78,F#5,59,501593,112399,36,518
2709,501084,112285,83,B5,58,501665,112415,31,580
2710,501093,112287,74,D5,57,501544,112388,44,451
2711,501584,112397,67,G4,59,502214,112538,35,629
2712,501745,112433,74,D5,79,502165,112527,11,420
2713,502093,112511,83,B5,62,502392,112578,3,299
2714,502227,112541,60,C4,59,504053,112950,5,1826
2715,502513,112605,67,G4,57,503334,112789,33,821
2716,502727,112653,72,C5,53,503013,112717,19,286
2717,503214,112762,76,E5,66,503624,112854,17,411
2718,503227,112765,79,G5,68,503785,112890,31,558
2719,503227,112765,72,C5,64,503535,112834,44,308
2720,503535,112834,67,G4,56,504044,112948,36,509
2721,503754,112883,72,C5,59,504227,112989,31,473
2722,504124,112966,79,G5,36,504236,112991,41,112
2723,504245,112993,59,B3,61,506084,113405,36,1839
2724,504553,113062,66,F#4,50,506084,113405,41,1531
2725,504754,113107,71,B4,49,506093,113407,26,1339
2726,505093,113183,75,D#5,58,505214,113210,44,121
2727,505455,113264,78,F#5,64,505754,113331,42,299
2728,505776,113336,75,D#5,46,506102,113409,5,326
2729,506245,113441,59,B3,52,507906,113813,33,1661
2730,506325,113459,66,F#4,33,507834,113797,44,1509
2731,506397,113475,71,B4,35,507866,113804,47,1469
2732,506415,113479,75,D#5,48,507066,113625,33,652
2733,506446,113486,78,F#5,47,506964,113602,53,518
2734,506544,113508,83,B5,47,507013,113613,37,469
2735,506915,113591,81,A5,36,507263,113669,17,348
2736,507227,113661,79,G5,59,507607,113746,42,379
2737,507553,113734,78,F#5,64,508294,113900,50,741
2738,508236,113887,52,E3,56,514343,115255,24,6107
2739,508584,113965,59,B3,61,514133,115208,28,5549
2740,508986,114055,64,E4,59,514254,115235,41,5268
2741,509334,114133,66,F#4,68,509455,114160,59,121
2742,509495,114169,67,G4,52,509607,114194,60,112
2743,509642,114202,69,A4,47,509843,114247,57,201
2744,509803,114238,71,B4,59,509897,114259,58,94
2745,510035,114290,74,D5,64,510165,114319,37,129
2746,510236,114335,76,E5,63,510325,114355,50,89
2747,510464,114386,78,F#5,72,510544,114404,56,80
2748,510696,114438,79,G5,65,510763,114453,56,67
2749,510986,114503,83,B5,64,511147,114539,49,161
2750,511276,114568,79,G5,64,511424,114601,39,147
2751,511656,114653,88,E6,58,512214,114778,44,558
2752,511656,114653,80,G#5,57,512084,114749,35,429
