event_id,time_ms,tick,note,note_name,velocity_on,time_off_ms,tick_off,velocity_off,duration_ms
0,0,135,64,E4,55,196,179,36,196
1,125,163,66,F#4,61,335,210,23,210
2,879,332,64,E4,57,1237,412,36,357
3,1196,403,66,F#4,57,1326,432,54,129
4,1348,437,67,G4,68,1670,509,29,321
5,1799,538,72,C5,59,4196,1075,53,2397
6,2638,726,64,E4,53,3138,838,50,500
7,2638,726,57,A3,47,3228,858,46,589
8,2647,728,60,C4,58,3179,847,31,531
9,2647,728,67,G4,36,3210,854,49,562
10,3487,916,66,F#4,33,4089,1051,35,603
11,3509,921,60,C4,44,4116,1057,3,607
12,3509,921,57,A3,47,4170,1069,29,661
13,3540,928,62,D4,31,4138,1062,3,598
14,4429,1127,62,D4,65,4696,1187,3,268
15,4687,1185,64,E4,68,4839,1219,36,152
16,4839,1219,66,F#4,64,5000,1255,57,161
17,5308,1324,71,B4,70,7179,1743,42,1871
18,6219,1528,66,F#4,59,6616,1617,37,397
19,6223,1529,62,D4,58,6558,1604,5,335
20,6228,1530,59,B3,61,6549,1602,5,321
21,6228,1530,55,G3,47,6638,1622,36,411
22,6929,1687,55,G3,56,7357,1783,36,429
23,6937,1689,62,D4,59,7299,1770,60,362
24,6937,1689,64,E4,3,7250,1759,59,312
25,6946,1691,59,B3,65,7317,1774,58,371
26,7446,1803,60,C4,108,7728,1866,41,281
27,7844,1892,60,C4,68,7996,1926,52,152
28,8000,1927,62,D4,73,8268,1987,39,268
29,8326,2000,59,B3,63,8446,2027,58,121
30,8339,2003,55,G3,48,8460,2030,39,121
31,8446,2027,64,E4,67,8607,2063,42,161
32,8920,2133,69,A4,64,10884,2573,36,1964
33,9759,2321,57,A3,60,10089,2395,5,330
34,9759,2321,54,F#3,53,10138,2406,42,379
35,9759,2321,60,C4,59,10058,2388,3,299
36,9768,2323,64,E4,59,10138,2406,36,371
37,10478,2482,54,F#3,53,11777,2773,31,1299
38,10478,2482,63,D#4,54,11737,2764,36,1259
39,10487,2484,59,B3,63,11656,2746,5,1170
40,10487,2484,57,A3,57,11728,2762,24,1241
41,11116,2625,69,A4,66,11290,2664,42,174
42,11518,2715,69,A4,67,11687,2753,35,170
43,11719,2760,67,G4,47,11888,2798,57,170
44,11888,2798,66,F#4,59,12147,2856,42,259
45,12268,2883,67,G4,52,13210,3094,24,942
46,12549,2946,55,G3,55,12750,2991,44,201
47,12549,2946,59,B3,56,12750,2991,37,201
48,12558,2948,52,E3,49,12759,2993,47,201
49,12567,2950,62,D4,39,12750,2991,52,183
50,13170,3085,52,E3,39,13567,3174,44,397
51,13179,3087,55,G3,57,13558,3172,33,379
52,13179,3087,59,B3,44,13558,3172,36,379
53,13179,3087,62,D4,48,13567,3174,39,388
54,13187,3089,66,F#4,66,13446,3147,44,259
55,13478,3154,64,E4,68,13554,3171,49,76
56,13897,3248,64,E4,66,13996,3270,65,98
57,13960,3262,66,F#4,76,14397,3360,47,437
58,14455,3373,64,E4,70,14598,3405,53,143
59,14839,3459,64,E4,63,15009,3497,36,170
60,14978,3490,66,F#4,70,15250,3551,52,272
61,15259,3553,52,E3,36,15429,3591,36,170
62,15259,3553,59,B3,63,15420,3589,47,161
63,15259,3553,55,G3,62,15420,3589,44,161
64,15268,3555,62,D4,58,15429,3591,44,161
65,15357,3575,67,G4,57,15540,3616,64,183
66,15839,3683,60,C4,60,16437,3817,33,598
67,15839,3683,64,E4,57,16437,3817,39,598
68,15848,3685,57,A3,54,16469,3824,39,621
69,15848,3685,72,C5,68,17978,4162,3,2129
70,15857,3687,67,G4,53,16437,3817,37,580
71,16728,3882,64,E4,49,16946,3931,53,219
72,16737,3884,57,A3,50,16978,3938,35,241
73,16737,3884,60,C4,55,16955,3933,28,219
74,16763,3890,67,G4,58,16955,3933,60,192
75,17196,3987,57,A3,52,18500,4279,15,1304
76,17496,4054,60,C4,47,18469,4272,5,973
77,17500,4055,66,F#4,62,18138,4198,17,638
78,17509,4057,62,D4,58,18589,4299,3,1080
79,18170,4205,72,C5,75,18357,4247,39,187
80,18607,4303,72,C5,68,18777,4341,33,170
81,18826,4352,71,B4,47,18987,4388,42,161
82,18960,4382,70,A#4,47,19210,4438,49,250
83,19259,4449,71,B4,54,21326,4912,44,2067
84,19817,4574,66,F#4,57,20317,4686,44,500
85,19826,4576,62,D4,56,20268,4675,28,442
86,19826,4576,59,B3,59,20299,4682,9,473
87,19826,4576,55,G3,44,20339,4691,33,513
88,20478,4722,62,D4,54,20598,4749,44,121
89,20478,4722,59,B3,62,20607,4751,52,129
90,20478,4722,66,F#4,60,20616,4753,44,138
91,20487,4724,55,G3,49,20670,4765,37,183
92,20929,4823,62,D4,58,22116,5089,35,1187
93,20929,4823,55,G3,53,22138,5094,53,1210
94,20929,4823,64,E4,23,22138,5094,47,1210
95,20937,4825,59,B3,63,22098,5085,41,1161
96,21549,4962,71,B4,66,21647,4984,49,98
97,21835,5026,71,B4,19,21937,5049,28,103
98,21973,5057,74,D5,60,22290,5128,37,317
99,22246,5118,55,G3,48,22625,5203,28,379
100,22250,5119,62,D4,56,22638,5206,39,388
101,22250,5119,59,B3,60,22638,5206,36,388
102,22268,5123,64,E4,49,22656,5210,36,388
103,22357,5143,71,B4,64,22670,5213,36,312
104,22647,5208,69,A4,69,23469,5392,62,821
105,23237,5340,54,F#3,59,23777,5461,36,540
106,23246,5342,60,C4,63,23759,5457,39,513
107,23259,5345,57,A3,64,23737,5452,31,478
108,23259,5345,64,E4,59,23777,5461,41,518
109,23719,5448,66,F#4,63,24228,5562,23,509
110,23987,5508,54,F#3,56,24357,5591,37,371
111,24000,5511,60,C4,63,24290,5576,31,290
112,24000,5511,57,A3,61,24290,5576,15,290
113,24009,5513,64,E4,67,24326,5584,35,317
114,24558,5636,69,A4,65,25299,5802,28,741
115,24567,5638,63,D#4,56,25589,5867,56,1022
116,24576,5640,54,F#3,58,25679,5887,42,1103
117,24589,5643,59,B3,64,25598,5869,5,1009
118,24589,5643,57,A3,62,25616,5873,5,1027
119,25437,5833,67,G4,60,25679,5887,56,241
120,25799,5914,60,C4,66,26018,5963,42,219
121,26268,6019,64,E4,63,26388,6046,60,121
122,26317,6030,66,F#4,74,27129,6212,13,812
123,26848,6149,52,E3,37,27598,6317,47,750
124,26857,6151,59,B3,59,27598,6317,36,741
125,26857,6151,62,D4,48,27567,6310,33,710
126,26857,6151,55,G3,60,27598,6317,46,741
127,27317,6254,66,F#4,99,27527,6301,52,210
128,27750,6351,52,E3,57,28170,6445,11,420
129,27750,6351,59,B3,59,28317,6478,5,567
130,27750,6351,62,D4,44,28129,6436,42,379
131,27750,6351,55,G3,61,28170,6445,24,420
132,27759,6353,66,F#4,60,27969,6400,47,210
133,28018,6411,64,E4,65,28089,6427,56,71
134,28170,6445,66,F#4,67,28728,6570,9,558
135,28598,6541,52,E3,50,29978,6850,5,1379
136,28607,6543,62,D4,46,29710,6790,3,1103
137,28607,6543,59,B3,60,29969,6848,28,1362
138,28616,6545,55,G3,59,29937,6841,5,1321
139,28969,6624,66,F#4,99,29219,6680,47,250
140,29437,6729,66,F#4,74,29719,6792,36,281
141,29826,6816,64,E4,65,29960,6846,39,134
142,29996,6854,66,F#4,72,31527,7197,36,1531
143,30929,7063,64,E4,62,31237,7132,52,308
144,30929,7063,60,C4,63,31500,7191,31,571
145,30933,7064,57,A3,56,31540,7200,39,607
146,31687,7233,59,B3,64,31808,7260,53,121
147,31848,7269,60,C4,58,31978,7298,50,129
148,31848,7269,57,A3,58,31987,7300,35,138
149,32098,7325,66,F#4,58,33098,7549,50,1000
150,32317,7374,57,A3,29,32388,7390,37,71
151,32607,7439,60,C4,63,32857,7495,31,250
152,32616,7441,62,D4,57,32946,7515,7,330
153,32629,7444,57,A3,56,32897,7504,24,268
154,33228,7578,66,F#4,70,33469,7632,44,241
155,33509,7641,64,E4,65,33647,7672,39,138
156,33656,7674,66,F#4,66,33888,7726,41,232
157,34098,7773,67,G4,59,36487,8308,53,2388
158,34527,7869,54,F#3,59,34696,7907,44,170
159,34527,7869,60,C4,63,34696,7907,37,170
160,34540,7872,64,E4,58,34696,7907,39,156
161,34540,7872,57,A3,60,34665,7900,36,125
162,35259,8033,66,F#4,68,35326,8048,57,67
163,35268,8035,59,B3,62,35379,8060,42,112
164,35710,8134,59,B3,35,37509,8537,31,1799
165,35719,8136,55,G3,49,37518,8539,35,1799
166,35719,8136,62,D4,35,37527,8541,19,1808
167,36647,8344,67,G4,86,37000,8423,23,353
168,37049,8434,66,F#4,60,37170,8461,55,121
169,37179,8463,67,G4,68,37473,8529,35,295
170,37598,8557,69,A4,61,39728,9034,56,2129
171,38040,8656,57,A3,56,38719,8808,36,679
172,38049,8658,64,E4,63,38719,8808,39,670
173,38049,8658,60,C4,64,38719,8808,44,670
174,38058,8660,67,G4,60,38719,8808,33,661
175,39170,8909,60,C4,62,39696,9027,31,527
176,39179,8911,62,D4,64,39687,9025,33,509
177,39179,8911,57,A3,60,39710,9030,35,531
178,39196,8915,66,F#4,99,39638,9014,42,442
179,39799,9050,62,D4,83,40317,9166,64,518
180,39960,9086,60,C4,66,40268,9155,35,308
181,39969,9088,57,A3,64,40268,9155,35,299
182,40406,9186,74,D5,68,40786,9271,33,379
183,40719,9256,60,C4,52,40897,9296,36,179
184,40719,9256,66,F#4,49,40915,9300,28,196
185,40719,9256,57,A3,54,40937,9305,33,219
186,40737,9260,62,D4,36,40866,9289,36,129
187,40857,9287,72,C5,64,41308,9388,37,451
188,41290,9384,71,B4,68,43638,9910,49,2348
189,41719,9480,66,F#4,58,42228,9594,36,509
190,41719,9480,59,B3,58,42170,9581,5,451
191,41719,9480,55,G3,47,42250,9599,29,531
192,41728,9482,62,D4,53,42156,9578,5,429
193,42527,9661,66,F#4,53,42656,9690,46,129
194,42531,9662,59,B3,52,42656,9690,47,125
195,42540,9664,55,G3,53,42696,9699,36,156
196,42589,9675,62,D4,24,42638,9686,29,49
197,42817,9726,62,D4,36,44598,10125,39,1781
198,42817,9726,64,E4,36,44607,10127,44,1790
199,42826,9728,59,B3,52,44598,10125,44,1772
200,42826,9728,55,G3,36,44598,10125,37,1772
201,43817,9950,71,B4,69,44040,10000,35,223
202,44107,10015,70,A#4,59,44245,10046,41,138
203,44250,10047,71,B4,65,44616,10129,35,366
204,44576,10120,72,C5,63,45549,10338,36,973
205,45138,10246,54,F#3,39,45656,10362,36,518
206,45147,10248,64,E4,35,45679,10367,37,531
207,45152,10249,60,C4,60,45629,10356,35,478
208,45156,10250,57,A3,62,45656,10362,11,500
209,45638,10358,69,A4,81,46393,10527,26,754
210,45888,10414,54,F#3,60,46076,10456,53,187
211,45897,10416,60,C4,57,46027,10445,46,129
212,45897,10416,57,A3,59,46036,10447,44,138
213,45897,10416,64,E4,52,46036,10447,52,138
214,46357,10519,54,F#3,47,48000,10887,36,1643
215,46388,10526,57,A3,48,47937,10873,5,1549
216,46406,10530,63,D#4,39,47987,10884,35,1580
217,46406,10530,59,B3,58,47937,10873,5,1531
218,46513,10554,66,F#4,62,47437,10761,36,924
219,47656,10810,71,B4,67,48058,10900,53,402
220,48196,10931,72,C5,67,48357,10967,44,161
221,48308,10956,71,B4,64,51326,11632,37,3018
222,48754,11056,59,B3,58,48929,11095,58,174
223,48759,11057,55,G3,64,48987,11108,44,228
224,48759,11057,52,E3,55,49018,11115,39,259
225,48768,11059,62,D4,58,48978,11106,53,210
226,49406,11202,61,C#4,44,49687,11265,36,281
227,49406,11202,52,E3,53,49670,11261,36,263
228,49420,11205,55,G3,57,49607,11247,33,187
229,49429,11207,57,A3,59,49647,11256,36,219
230,50085,11354,50,D3,63,50558,11460,21,473
231,50089,11355,57,A3,63,50487,11444,36,397
232,50089,11355,53,F3,64,50509,11449,9,420
233,50098,11357,60,C4,57,50527,11453,49,429
234,50839,11523,55,G3,63,51906,11762,23,1067
235,50848,11525,53,F3,60,51906,11762,19,1058
236,50848,11525,59,B3,59,51960,11774,49,1112
237,50848,11525,50,D3,58,51906,11762,33,1058
238,51500,11671,62,D4,61,51647,11704,26,147
239,51500,11671,64,E4,59,51737,11724,50,237
240,52009,11785,69,A4,63,53357,12087,36,1348
241,52469,11888,54,F#3,57,53268,12067,53,799
242,52478,11890,64,E4,66,53277,12069,44,799
243,52478,11890,60,C4,67,53250,12063,39,772
244,52487,11892,57,A3,64,53228,12058,5,741
245,53277,12069,67,G4,72,54000,12231,48,723
246,53429,12103,57,A3,57,53558,12132,36,129
247,53429,12103,64,E4,61,53567,12134,49,138
248,53429,12103,54,F#3,59,53589,12139,42,161
249,53429,12103,60,C4,55,53558,12132,37,129
250,53937,12217,63,D#4,53,54826,12416,49,888
251,53937,12217,54,F#3,50,55196,12499,56,1259
252,53960,12222,57,A3,61,55107,12479,5,1147
253,53960,12222,66,F#4,64,54777,12405,44,817
254,53960,12222,59,B3,66,55076,12472,3,1116
255,54888,12430,67,G4,67,55308,12524,37,420
256,55335,12530,60,C4,64,55549,12578,46,214
257,55647,12600,64,E4,64,56076,12696,41,429
258,56067,12694,59,B3,66,56375,12763,36,308
259,56067,12694,52,E3,63,56406,12770,37,339
260,56067,12694,55,G3,64,56379,12764,33,312
261,56076,12696,62,D4,60,56397,12768,44,321
262,56687,12833,55,G3,57,56862,12872,55,174
263,56687,12833,52,E3,57,56866,12873,47,179
264,56687,12833,59,B3,46,56866,12873,44,179
265,56710,12838,62,D4,61,56906,12882,33,196
266,57000,12903,52,E3,65,57237,12956,52,237
267,57058,12916,55,G3,65,57228,12954,53,170
268,57138,12934,59,B3,56,57268,12963,61,129
269,57196,12947,62,D4,57,57308,12972,62,112
270,57406,12994,74,D5,35,57540,13024,61,134
271,57415,12996,64,E4,65,57549,13026,64,134
272,57487,13012,76,E5,68,57598,13037,57,112
273,57558,13028,79,G5,64,57647,13048,61,89
274,57647,13048,83,B5,61,57808,13084,46,161
275,58179,13167,62,D4,64,58388,13214,48,210
276,58518,13243,62,D4,64,58567,13254,55,49
277,58665,13276,65,F4,64,58777,13301,59,112
278,58670,13277,64,E4,63,58786,13303,57,116
279,59067,13366,64,E4,86,59237,13404,26,170
280,59076,13368,65,F4,68,59156,13386,15,80
281,59366,13433,66,F#4,58,59487,13460,57,121
282,59527,13469,67,G4,73,59719,13512,39,192
283,59978,13570,72,C5,68,60799,13754,3,821
284,60429,13671,57,A3,68,61179,13839,39,750
285,60710,13734,60,C4,60,61129,13828,28,420
286,60866,13769,64,E4,62,61156,13834,44,290
287,60888,13774,67,G4,57,61138,13830,60,250
288,61210,13846,72,C5,69,61388,13886,42,179
289,61379,13884,60,C4,50,61487,13908,60,107
290,61384,13885,57,A3,59,61509,13913,58,125
291,61719,13960,69,A4,68,62719,14184,5,1000
292,61719,13960,66,F#4,56,62268,14083,3,549
293,61728,13962,62,D4,72,62308,14092,33,580
294,62290,14088,50,D3,64,63647,14392,57,1357
295,62728,14186,57,A3,69,63210,14294,50,482
296,62826,14208,62,D4,79,62987,14244,31,161
297,62960,14238,64,E4,94,63179,14287,37,219
298,63237,14300,66,F#4,63,63478,14354,47,241
299,63237,14300,64,E4,52,63308,14316,41,71
300,63420,14341,57,A3,62,63656,14394,50,237
301,63777,14421,71,B4,83,64737,14636,33,960
302,64259,14529,55,G3,75,65018,14699,48,759
303,64406,14562,59,B3,72,64920,14677,36,513
304,64420,14565,62,D4,57,64946,14683,33,527
305,64879,14668,69,A4,53,65335,14770,35,455
306,65237,14748,57,A3,61,65487,14804,36,250
307,65237,14748,62,D4,67,65696,14851,33,460
308,65237,14748,53,F3,58,65348,14773,50,112
309,65237,14748,60,C4,67,65375,14779,11,138
310,65250,14751,55,G3,56,65728,14858,33,478
311,65277,14757,59,B3,36,65696,14851,35,420
312,65429,14791,67,G4,70,65750,14863,36,321
313,65728,14858,66,F#4,68,66049,14930,44,321
314,66268,14979,65,F4,68,66629,15060,29,362
315,66420,15013,59,B3,63,67719,15304,29,1299
316,66437,15017,55,G3,59,67728,15306,29,1290
317,66929,15127,64,E4,90,67170,15181,36,241
318,67429,15239,64,E4,55,67518,15259,46,89
319,67670,15293,62,D4,65,67759,15313,57,89
320,67745,15310,64,E4,57,67879,15340,60,134
321,67888,15342,67,G4,59,67946,15355,41,58
322,68067,15382,71,B4,57,68219,15416,58,152
323,68067,15382,69,A4,70,68388,15454,42,321
324,68509,15481,69,A4,63,69460,15694,36,951
325,68607,15503,54,F#3,56,69638,15734,35,1031
326,68629,15508,64,E4,57,69549,15714,33,920
327,68638,15510,57,A3,58,69487,15700,5,848
328,68638,15510,60,C4,63,69487,15700,5,848
329,69540,15712,67,G4,67,69920,15797,3,379
330,69826,15776,65,F4,75,70147,15848,59,321
331,69969,15808,63,D#4,60,70397,15904,44,429
332,69969,15808,54,F#3,50,70388,15902,36,420
333,69978,15810,59,B3,67,70348,15893,36,371
334,69987,15812,57,A3,53,70348,15893,5,362
335,70326,15888,66,F#4,62,70656,15962,36,330
336,70469,15920,54,F#3,59,71928,16247,36,1460
337,70469,15920,59,B3,67,71866,16233,3,1397
338,70469,15920,63,D#4,57,71920,16245,41,1451
339,70478,15922,57,A3,61,71857,16231,5,1379
340,70826,16000,66,F#4,52,70960,16030,44,134
341,70987,16036,67,G4,77,71388,16126,49,402
342,71509,16153,74,D5,86,71768,16211,37,259
343,71879,16236,72,C5,67,72344,16340,31,464
344,72366,16345,71,B4,108,72955,16477,49,589
345,72518,16379,59,B3,60,73750,16655,9,1232
346,72518,16379,55,G3,58,73710,16646,33,1192
347,72527,16381,52,E3,63,73768,16659,26,1241
348,72527,16381,62,D4,62,73728,16650,29,1201
349,73076,16504,69,A4,90,73455,16589,26,379
350,73576,16616,67,G4,59,73759,16657,42,183
351,73888,16686,64,E4,64,74156,16746,37,268
352,74366,16793,62,D4,79,74553,16835,44,187
353,74500,16823,59,B3,60,75228,16986,47,728
354,74509,16825,55,G3,59,75219,16984,39,710
355,74518,16827,52,E3,58,75228,16986,42,710
356,74866,16905,64,E4,64,75009,16937,33,143
357,75018,16939,66,F#4,78,75348,17013,44,330
358,75335,17010,55,G3,66,75737,17100,36,402
359,75348,17013,59,B3,60,75768,17107,53,420
360,75357,17015,52,E3,68,75705,17093,42,348
361,75437,17033,67,G4,64,75656,17082,56,219
362,75978,17154,72,C5,70,77759,17553,42,1781
363,76348,17237,64,E4,64,76835,17346,36,487
364,76357,17239,60,C4,65,76777,17333,13,420
365,76357,17239,57,A3,61,76817,17342,3,460
366,76366,17241,67,G4,64,76759,17329,21,393
367,77076,17400,64,E4,52,77237,17436,63,161
368,77089,17403,60,C4,64,77268,17443,48,179
369,77089,17403,57,A3,56,77277,17445,44,187
370,77098,17405,67,G4,60,77259,17441,54,161
371,77509,17497,66,F#4,72,79129,17860,36,1621
372,77509,17497,57,A3,66,79098,17853,31,1589
373,77518,17499,60,C4,65,79053,17843,5,1536
374,77518,17499,62,D4,69,79076,17848,5,1558
375,78009,17609,72,C5,108,78259,17665,21,250
376,78018,17611,71,B4,86,78076,17624,42,58
377,78406,17698,72,C5,90,78540,17728,39,134
378,78589,17739,79,G5,81,78937,17817,17,348
379,78920,17813,77,F5,63,79147,17864,52,228
380,79098,17853,76,E5,72,79308,17900,50,210
381,79299,17898,56,G#3,48,79366,17913,67,67
382,79428,17927,76,E5,68,79469,17936,39,40
383,79500,17943,77,F5,63,79607,17967,37,107
384,79607,17967,66,F#4,36,81558,18404,36,1951
385,79625,17971,75,D#5,60,79719,17992,70,94
386,79647,17976,55,G3,3,81576,18408,15,1929
387,79656,17978,59,B3,53,80500,18167,5,844
388,79670,17981,62,D4,36,81518,18395,5,1848
389,79737,17996,77,F5,83,79826,18016,63,89
390,79799,18010,75,D#5,88,79879,18028,68,80
391,79857,18023,74,D5,83,80268,18115,42,411
392,80487,18164,75,D#5,127,80567,18182,41,80
393,80509,18169,74,D5,69,80589,18187,47,80
394,80969,18272,75,D#5,127,81085,18298,58,116
395,81098,18301,74,D5,57,81228,18330,41,129
396,81487,18388,71,B4,68,82616,18641,53,1129
397,81826,18464,77,F5,3,82567,18630,9,741
398,82009,18505,64,E4,56,82428,18599,46,420
399,82009,18505,55,G3,63,82415,18596,35,406
400,82009,18505,62,D4,59,82406,18594,29,397
401,82018,18507,59,B3,69,82375,18587,3,357
402,82670,18653,55,G3,53,83835,18914,53,1165
403,82678,18655,62,D4,60,83808,18908,36,1129
404,82678,18655,64,E4,50,83777,18901,56,1098
405,82687,18657,59,B3,67,83799,18906,31,1112
406,82723,18665,71,B4,101,82928,18711,59,205
407,82728,18666,69,A4,69,82745,18670,61,18
408,83058,18740,70,A#4,127,83250,18783,60,192
409,83250,18783,69,A4,58,83460,18830,44,210
410,83607,18863,67,G4,94,83728,18890,57,121
411,83745,18894,69,A4,61,84696,19107,61,951
412,84268,19011,64,E4,65,84768,19123,3,500
413,84268,19011,57,A3,58,84696,19107,23,429
414,84277,19013,60,C4,72,84696,19107,26,420
415,84277,19013,67,G4,70,84589,19083,36,312
416,84290,19016,65,F4,68,84326,19024,29,36
417,85009,19177,66,F#4,70,85219,19224,50,210
418,85187,19217,64,E4,63,85317,19246,49,129
419,85196,19219,60,C4,62,85348,19253,48,152
420,85196,19219,57,A3,64,85357,19255,42,161
421,85527,19293,69,A4,66,86888,19598,3,1362
422,86250,19455,62,D4,36,86487,19508,29,237
423,86268,19459,54,F#3,44,86527,19517,36,259
424,86719,19560,67,G4,68,87000,19623,37,281
425,87076,19640,59,B3,75,87259,19681,44,183
426,87527,19741,64,E4,68,88388,19934,21,862
427,88009,19849,57,A3,61,88277,19909,11,268
428,88009,19849,59,B3,64,88219,19896,21,210
429,88009,19849,63,D#4,62,88237,19900,37,228
430,88009,19849,54,F#3,60,88219,19896,44,210
431,88589,19979,54,F#3,41,88678,19999,49,89
432,88656,19994,57,A3,52,88768,20019,57,112
433,88656,19994,62,D4,62,88777,20021,50,121
434,88670,19997,59,B3,53,88790,20024,35,121
435,89027,20077,52,E3,62,89228,20122,53,201
436,89085,20090,55,G3,56,89250,20127,37,165
437,89147,20104,59,B3,62,89277,20133,62,129
438,89228,20122,62,D4,57,89299,20138,63,71
439,89308,20140,64,E4,53,89388,20158,60,80
440,89326,20144,67,G4,58,89446,20171,58,121
441,89397,20160,71,B4,60,89500,20183,65,103
442,89469,20176,74,D5,61,89536,20191,59,67
443,89540,20192,64,E4,48,89696,20227,57,156
444,89540,20192,68,G#4,67,89576,20200,41,36
445,89576,20200,67,G4,64,89737,20236,53,161
446,89589,20203,71,B4,35,89728,20234,53,138
447,89647,20216,85,C#6,62,89678,20223,47,31
448,89647,20216,80,G#5,64,89670,20221,54,22
449,89696,20227,77,F5,53,89808,20252,52,112
450,89857,20263,84,C6,66,89893,20271,59,36
451,89857,20263,86,D6,70,90018,20299,33,161
452,90540,20416,67,G4,77,90808,20476,60,268
453,90955,20509,64,E4,73,91210,20566,41,254
454,91379,20604,63,D#4,68,91469,20624,62,89
455,91500,20631,64,E4,64,91629,20660,55,129
456,91638,20662,66,F#4,67,91879,20716,50,241
457,91866,20713,67,G4,56,92018,20747,44,152
458,91978,20738,66,F#4,84,92670,20893,53,692
459,92237,20796,60,C4,64,92549,20866,48,312
460,92245,20798,57,A3,58,92589,20875,44,344
461,92777,20917,57,A3,62,92987,20964,41,210
462,93156,21002,66,F#4,53,94710,21350,64,1554
463,94178,21231,57,A3,64,94487,21300,3,308
464,94178,21231,54,F#3,57,94487,21300,41,308
465,94187,21233,63,D#4,60,94495,21302,36,308
466,94187,21233,59,B3,63,94478,21298,36,290
467,94647,21336,54,F#3,59,95196,21459,36,549
468,94656,21338,59,B3,67,95116,21441,36,460
469,94656,21338,57,A3,64,95116,21441,33,460
470,94656,21338,63,D#4,60,95147,21448,35,491
471,94826,21376,66,F#4,127,95040,21424,47,214
472,95098,21437,64,E4,73,95210,21462,47,112
473,95277,21477,66,F#4,66,95366,21497,47,89
474,95308,21484,65,F4,94,95366,21497,57,58
475,95598,21549,67,G4,59,97397,21952,28,1799
476,96076,21656,55,G3,57,96348,21717,31,272
477,96076,21656,59,B3,62,96357,21719,23,281
478,96089,21659,52,E3,66,96357,21719,23,268
479,96098,21661,62,D4,59,96375,21723,36,277
480,96692,21794,52,E3,56,99428,22407,41,2737
481,96696,21795,55,G3,66,99420,22405,44,2723
482,96705,21797,59,B3,67,99406,22402,44,2701
483,96710,21798,62,D4,59,99428,22407,59,2719
484,97937,22073,67,G4,127,98277,22149,127,339
485,98428,22183,67,G4,62,98594,22220,47,165
486,98473,22193,66,F#4,60,98607,22223,44,134
487,99000,22311,67,G4,127,99170,22349,64,170
488,99428,22407,69,A4,127,100928,22743,52,1500
489,99978,22530,64,E4,57,100527,22653,39,549
490,99978,22530,67,G4,47,100545,22657,37,567
491,99987,22532,60,C4,60,100500,22647,31,513
492,99987,22532,57,A3,48,100527,22653,44,540
493,100737,22700,64,E4,42,100884,22733,64,147
494,100745,22702,60,C4,66,100987,22756,36,241
495,100750,22703,57,A3,64,100987,22756,33,237
496,101107,22783,62,D4,127,101397,22848,49,290
497,101138,22790,71,B4,58,101156,22794,57,18
498,101826,22944,60,C4,56,102286,23047,37,460
499,101839,22947,57,A3,63,102277,23045,28,437
500,102170,23021,62,D4,127,102237,23036,64,67
501,102357,23063,74,D5,127,102656,23130,58,299
502,102375,23067,72,C5,73,102393,23071,64,18
503,102638,23126,57,A3,65,103286,23271,36,647
504,102638,23126,60,C4,64,103277,23269,50,638
505,102848,23173,72,C5,127,103036,23215,53,187
506,102848,23173,71,B4,127,102866,23177,67,18
507,103210,23254,71,B4,127,106049,23890,50,2839
508,103817,23390,60,C4,67,104165,23468,17,348
509,103817,23390,54,F#3,62,104138,23462,36,321
510,103826,23392,64,E4,62,104187,23473,26,362
511,103826,23392,57,A3,64,104147,23464,19,321
512,104607,23567,59,B3,62,104737,23596,33,129
513,104616,23569,66,F#4,66,104759,23601,61,143
514,104616,23569,62,D4,86,104737,23596,39,121
515,104629,23572,55,G3,66,104759,23601,31,129
516,104629,23572,56,G#3,44,104750,23599,23,121
517,104857,23623,72,C5,5,105656,23802,5,799
518,105116,23681,62,D4,60,105678,23807,42,562
519,105116,23681,55,G3,65,105678,23807,44,562
520,105116,23681,59,B3,68,105670,23805,44,554
521,105129,23684,64,E4,55,105678,23807,42,549
522,105826,23840,55,G3,68,107357,24183,46,1531
523,105826,23840,64,E4,65,107366,24185,47,1540
524,105826,23840,59,B3,75,107348,24181,33,1522
525,105826,23840,62,D4,64,107335,24178,39,1509
526,106196,23923,71,B4,127,106558,24004,33,362
527,106629,24020,70,A#4,62,106759,24049,58,129
528,106799,24058,70,A#4,60,106857,24071,36,58
529,106799,24058,71,B4,70,107147,24136,29,348
530,107277,24165,72,C5,67,108446,24427,35,1170
531,107768,24275,54,F#3,54,108518,24443,39,750
532,107777,24277,60,C4,61,108486,24436,35,710
533,107777,24277,64,E4,53,108527,24445,44,750
534,107786,24279,57,A3,58,108469,24432,5,683
535,108558,24452,69,A4,127,108960,24542,42,402
536,108710,24486,54,F#3,57,108879,24524,52,170
537,108719,24488,60,C4,60,108848,24517,57,129
538,108728,24490,57,A3,61,108848,24517,44,121
539,108728,24490,64,E4,64,108826,24512,57,98
540,109107,24575,63,D#4,37,110638,24918,49,1531
541,109107,24575,66,F#4,53,109719,24712,54,612
542,109116,24577,54,F#3,50,110638,24918,36,1522
543,109129,24580,59,B3,59,110567,24902,33,1437
544,109129,24580,57,A3,48,110558,24900,5,1429
545,110205,24821,72,C5,127,110460,24878,46,254
546,110558,24900,74,D5,108,110986,24996,28,429
547,111076,25016,72,C5,127,111187,25041,44,112
548,111210,25046,59,B3,62,111745,25166,47,536
549,111219,25048,62,D4,60,111777,25173,56,558
550,111219,25048,52,E3,63,111808,25180,41,589
551,111219,25048,55,G3,64,111799,25178,31,580
552,111228,25050,71,B4,108,111500,25111,31,272
553,111567,25126,72,C5,90,111719,25160,35,152
554,111728,25162,71,B4,117,112009,25225,55,281
555,112036,25231,69,A4,83,112196,25267,31,161
556,112049,25234,57,A3,64,112719,25384,11,670
557,112058,25236,55,G3,65,112647,25368,5,589
558,112058,25236,60,C4,64,112196,25267,42,138
559,112058,25236,52,E3,60,112745,25390,42,687
560,112196,25267,71,B4,72,112589,25355,46,393
561,112576,25352,69,A4,90,113000,25447,53,424
562,112955,25437,67,G4,63,113268,25507,60,312
563,113259,25505,69,A4,70,113549,25570,49,290
564,113299,25514,57,A3,58,113946,25659,42,647
565,113308,25516,53,F3,53,113969,25664,3,661
566,113317,25518,60,C4,64,113928,25655,41,612
567,113317,25518,50,D3,52,113937,25657,26,621
568,113567,25574,67,G4,59,113728,25610,52,161
569,113759,25617,65,F4,68,113897,25648,52,138
570,114027,25677,67,G4,68,114219,25720,63,192
571,114210,25718,66,F#4,44,114536,25791,21,326
572,114219,25720,50,D3,49,114857,25863,26,638
573,114219,25720,53,F3,62,114826,25856,29,607
574,114228,25722,59,B3,55,114848,25861,17,621
575,114228,25722,55,G3,65,114808,25852,33,580
576,114527,25789,67,G4,72,114728,25834,33,201
577,114705,25829,66,F#4,99,114969,25888,35,263
578,115009,25897,64,E4,62,115098,25917,58,89
579,115187,25937,69,A4,64,116527,26237,39,1339
580,115736,26060,54,F#3,50,116527,26237,26,790
581,115745,26062,60,C4,69,116500,26231,33,754
582,115759,26065,63,D#4,64,115777,26069,59,18
583,115768,26067,64,E4,63,116540,26240,36,772
584,115777,26069,65,F4,65,115879,26092,81,103
585,115888,26094,57,A3,11,116486,26228,24,598
586,116670,26269,67,G4,73,117000,26343,5,330
587,116687,26273,60,C4,65,116817,26302,47,129
588,116687,26273,57,A3,64,116826,26304,49,138
589,116696,26275,54,F#3,70,116866,26313,50,170
590,116696,26275,64,E4,75,116826,26304,55,129
591,117009,26345,66,F#4,60,117616,26481,36,607
592,117040,26352,63,D#4,59,118228,26618,36,1187
593,117040,26352,54,F#3,56,118250,26623,36,1210
594,117049,26354,57,A3,58,118205,26613,5,1156
595,117049,26354,59,B3,67,118250,26623,11,1201
596,117817,26526,66,F#4,63,117955,26557,55,138
597,118098,26589,66,F#4,62,118219,26616,44,121
598,118290,26632,67,G4,68,118607,26703,35,317
599,118719,26728,59,B3,59,118866,26761,59,147
600,119058,26804,64,E4,63,119558,26916,35,500
601,119540,26912,52,E3,65,119759,26961,48,219
602,119670,26941,55,G3,64,119879,26988,35,210
603,119808,26972,59,B3,56,119937,27001,60,129
604,119888,26990,62,D4,39,119946,27003,50,58
605,119986,27012,62,D4,35,120049,27026,48,62
606,120058,27028,65,F4,33,120116,27041,65,58
607,120156,27050,64,E4,62,120299,27082,58,143
608,120250,27071,75,D#5,70,120277,27077,70,27
609,120326,27088,74,D5,62,120437,27113,49,112
610,120379,27100,76,E5,59,120486,27124,57,107
611,120446,27115,79,G5,64,120527,27133,66,80
612,120495,27126,83,B5,50,120540,27136,41,45
613,120536,27135,74,D5,56,120687,27169,44,152
614,120647,27160,90,F#6,76,120678,27167,64,31
615,120647,27160,77,F5,44,120759,27185,31,112
616,120647,27160,86,D6,57,120670,27165,52,22
617,120647,27160,87,D#6,74,120678,27167,57,31
618,120777,27189,86,D6,52,120946,27227,50,170
619,120817,27198,87,D#6,60,120866,27209,72,49
620,120866,27209,88,E6,79,121027,27245,57,161
621,121027,27245,95,B6,68,121138,27270,64,112
622,121607,27375,64,E4,81,121857,27431,46,250
623,121937,27449,64,E4,77,122165,27500,31,228
624,122067,27478,66,F#4,68,122375,27547,46,308
625,122549,27586,67,G4,65,122857,27655,23,308
626,123009,27689,72,C5,69,123576,27816,36,567
627,123018,27691,50,D3,52,123576,27816,17,558
628,124107,27935,64,E4,86,124326,27984,36,219
629,124219,27960,66,F#4,59,124446,28011,47,228
630,124665,28060,67,G4,66,124946,28123,29,281
631,125085,28154,72,C5,72,125888,28334,29,804
632,125094,28156,57,A3,59,126027,28365,29,933
633,125576,28264,64,E4,66,125835,28322,52,259
634,126058,28372,64,E4,90,126268,28419,36,210
635,126379,28444,69,A4,72,126540,28480,59,161
636,126549,28482,50,D3,63,127156,28618,64,607
637,126920,28565,66,F#4,62,127156,28618,64,237
638,126920,28565,60,C4,59,127156,28618,64,237
639,126920,28565,62,D4,60,127156,28618,64,237
640,126928,28567,57,A3,67,127156,28618,64,228
641,128326,28880,54,F#3,59,128786,28983,33,460
642,128335,28882,64,E4,66,128705,28965,44,371
643,128335,28882,60,C4,68,128687,28961,37,353
644,128348,28885,57,A3,64,128696,28963,5,348
645,128366,28889,69,A4,70,128536,28927,37,170
646,128558,28932,72,C5,83,128786,28983,47,228
647,128875,29003,71,B4,73,129366,29113,53,491
648,129027,29037,54,F#3,60,131348,29557,41,2321
649,129036,29039,63,D#4,59,131357,29559,56,2321
650,129036,29039,59,B3,64,131317,29550,5,2281
651,129049,29042,57,A3,58,131174,29518,5,2125
652,129553,29155,71,B4,127,129826,29216,48,272
653,130045,29265,76,E5,127,130348,29333,58,304
654,130469,29360,75,D#5,93,130576,29384,50,107
655,130486,29364,76,E5,81,130567,29382,46,80
656,130714,29415,75,D#5,108,130795,29433,60,80
657,130754,29424,76,E5,57,130866,29449,35,112
658,131027,29485,78,F#5,127,131156,29514,61,129
659,131375,29563,78,F#5,108,131437,29577,60,62
660,131518,29595,78,F#5,93,131638,29622,62,121
661,131598,29613,59,B3,59,132995,29926,37,1397
662,131607,29615,62,D4,42,133027,29933,36,1420
663,131607,29615,55,G3,64,132978,29922,44,1371
664,131607,29615,79,G5,86,131736,29644,60,129
665,131616,29617,52,E3,58,132995,29926,46,1379
666,131665,29628,78,F#5,93,132085,29722,48,420
667,132125,29731,76,E5,70,132375,29787,50,250
668,132446,29803,71,B4,90,132687,29857,7,241
669,132955,29917,76,E5,79,133067,29942,58,112
670,132973,29921,72,C5,101,133027,29933,44,54
671,132978,29922,71,B4,86,133058,29940,49,80
672,133125,29955,59,B3,53,133853,30118,36,728
673,133129,29956,52,E3,57,133826,30112,36,696
674,133138,29958,55,G3,60,133826,30112,3,687
675,133138,29958,62,D4,53,133795,30105,33,656
676,133495,30038,76,E5,69,133647,30072,49,152
677,133495,30038,75,D#5,62,133576,30056,26,80
678,133518,30043,71,B4,117,133786,30103,21,268
679,133978,30146,76,E5,42,134107,30175,52,129
680,134009,30153,71,B4,57,134406,30242,33,397
681,134018,30155,55,G3,68,135696,30531,42,1679
682,134027,30157,62,D4,57,135736,30540,52,1710
683,134027,30157,78,F#5,79,134205,30197,41,179
684,134027,30157,52,E3,52,135696,30531,53,1670
685,134027,30157,59,B3,53,135705,30533,50,1679
686,134138,30182,76,E5,63,134375,30235,47,237
687,134607,30287,71,B4,62,134665,30300,46,58
688,134616,30289,76,E5,72,134665,30300,59,49
689,134625,30291,75,D#5,56,134665,30300,35,40
690,134625,30291,74,D5,65,134665,30300,36,40
691,134777,30325,71,B4,79,135018,30379,39,241
692,134777,30325,76,E5,127,135009,30377,17,232
693,135147,30408,71,B4,64,135228,30426,59,80
694,135147,30408,79,G5,75,135245,30430,60,98
695,135299,30442,76,E5,127,135527,30493,49,228
696,135303,30443,71,B4,81,135478,30482,36,174
697,135638,30518,74,D5,62,135745,30542,57,107
698,135647,30520,71,B4,59,135705,30533,42,58
699,135835,30562,76,E5,101,136107,30623,26,272
700,135848,30565,71,B4,94,136156,30634,23,308
701,135866,30569,61,C#4,88,136009,30601,76,143
702,135875,30571,59,B3,75,136009,30601,50,134
703,135875,30571,67,G4,60,135995,30598,48,121
704,135875,30571,65,F4,68,136009,30601,42,134
705,135875,30571,69,A4,60,135928,30583,64,54
706,136156,30634,63,D#4,44,136228,30650,21,71
707,136406,30690,76,E5,69,137245,30878,39,839
708,136406,30690,75,D#5,62,136536,30719,36,129
709,136406,30690,71,B4,83,137277,30885,41,871
710,136437,30697,67,G4,75,136509,30713,42,71
711,136446,30699,64,E4,59,136464,30703,59,18
712,136446,30699,57,A3,36,136518,30715,24,71
713,137366,30905,75,D#5,78,137478,30930,49,112
714,137375,30907,76,E5,86,137464,30927,54,89
715,137375,30907,71,B4,86,137469,30928,56,94
716,137558,30948,71,B4,58,137754,30992,3,196
717,137567,30950,79,G5,73,137777,30997,46,210
718,137915,31028,62,D4,47,138719,31208,37,804
719,137915,31028,78,F#5,68,138415,31140,47,500
720,137915,31028,50,D3,62,138705,31205,39,790
721,137924,31030,57,A3,65,138696,31203,41,772
722,137928,31031,71,B4,64,138406,31138,47,478
723,138678,31199,78,F#5,70,138995,31270,41,317
724,138687,31201,69,A4,69,139036,31279,42,348
725,139018,31275,57,A3,67,140058,31508,44,1040
726,139027,31277,50,D3,61,140027,31501,52,1000
727,139036,31279,62,D4,56,140085,31514,57,1049
728,139228,31322,78,F#5,64,139486,31380,41,259
729,139236,31324,69,A4,63,139397,31360,28,161
730,139558,31396,76,E5,64,139687,31425,36,129
731,139759,31441,74,D5,127,140009,31497,36,250
732,139768,31443,76,E5,41,139786,31447,58,18
733,140076,31512,76,E5,68,140214,31543,52,138
734,140268,31555,74,D5,94,140835,31682,5,567
735,140286,31559,71,B4,86,141205,31765,35,920
736,140759,31665,55,G3,59,141437,31817,44,679
737,140768,31667,62,D4,64,141428,31815,36,661
738,140777,31669,65,F4,67,140808,31676,49,31
739,140777,31669,67,G4,67,141415,31812,50,638
740,141558,31844,71,B4,67,141875,31915,33,317
741,141576,31848,62,D4,60,141777,31893,47,201
742,141576,31848,67,G4,68,141875,31915,37,299
743,141585,31850,55,G3,69,141817,31902,41,232
744,142236,31996,55,G3,57,143397,32256,36,1161
745,142236,31996,48,C3,53,143406,32258,28,1170
746,142245,31998,67,G4,68,143098,32189,36,853
747,142259,32001,60,C4,66,143299,32234,19,1040
748,142259,32001,64,E4,67,143107,32191,33,848
749,143268,32227,67,G4,64,143558,32292,53,290
750,143647,32312,67,G4,77,144067,32406,35,420
751,143656,32314,55,G3,60,144286,32455,56,629
752,143665,32316,48,C3,52,144245,32446,46,580
753,143665,32316,60,C4,52,144308,32460,60,643
754,144268,32451,67,G4,68,144388,32478,65,121
755,144384,32477,69,A4,67,145647,32760,46,1263
756,144759,32561,54,F#3,57,145848,32805,36,1089
757,144768,32563,60,C4,67,145794,32793,35,1027
758,144777,32565,64,E4,68,145826,32800,53,1049
759,144777,32565,57,A3,63,145808,32796,5,1031
760,145817,32798,67,G4,127,146125,32867,35,308
761,146125,32867,66,F#4,61,146719,33000,50,594
762,146125,32867,54,F#3,62,147357,33143,36,1232
763,146134,32869,59,B3,67,147308,33132,36,1174
764,146138,32870,63,D#4,59,147245,33118,54,1107
765,146147,32872,57,A3,60,147268,33123,5,1121
766,146866,33033,66,F#4,76,147036,33071,58,170
767,147156,33098,66,F#4,58,147286,33127,57,129
768,147326,33136,67,G4,69,147656,33210,47,330
769,147736,33228,59,B3,70,147955,33277,60,219
770,148277,33349,64,E4,68,148388,33374,69,112
771,148348,33365,66,F#4,88,149406,33602,49,1058
772,148835,33474,52,E3,54,149567,33638,48,732
773,148857,33479,62,D4,60,149495,33622,5,638
774,148857,33479,59,B3,68,149616,33649,28,759
775,149656,33658,66,F#4,70,149857,33703,56,201
776,149817,33694,52,E3,44,150826,33920,41,1009
777,149826,33696,59,B3,60,150826,33920,37,1000
778,149826,33696,62,D4,47,150808,33916,36,982
779,150156,33770,66,F#4,57,151036,33967,35,879
780,151236,34012,66,F#4,117,151455,34061,49,219
781,151397,34048,59,B3,47,151647,34104,28,250
782,151446,34059,62,D4,33,151638,34102,3,192
783,151455,34061,52,E3,28,151625,34099,23,170
784,151768,34131,66,F#4,60,152085,34202,33,317
785,151906,34162,59,B3,63,152085,34202,39,179
786,151915,34164,52,E3,57,152085,34202,37,170
787,151924,34166,62,D4,53,152076,34200,42,152
788,152187,34225,64,E4,58,152326,34256,37,138
789,152375,34267,66,F#4,60,153187,34449,53,812
790,152415,34276,54,F#3,53,152576,34312,36,161
791,152415,34276,60,C4,62,152576,34312,36,161
792,152437,34281,57,A3,47,152567,34310,26,129
793,152437,34281,64,E4,50,152607,34319,35,170
794,152866,34377,54,F#3,49,153147,34440,36,281
795,152875,34379,64,E4,53,153107,34431,36,232
796,152875,34379,60,C4,62,153107,34431,31,232
797,152884,34381,57,A3,56,153125,34435,3,241
798,153375,34491,59,B3,57,153799,34586,35,424
799,153397,34496,54,F#3,53,153558,34532,39,161
800,153406,34498,57,A3,52,153518,34523,35,112
801,153437,34505,60,C4,41,153656,34554,5,219
802,153866,34601,54,F#3,54,154134,34661,36,268
803,153875,34603,60,C4,62,154107,34655,35,232
804,153888,34606,57,A3,57,154107,34655,15,219
805,153897,34608,64,E4,62,154125,34659,21,228
806,154236,34684,66,F#4,58,155585,34986,35,1348
807,154384,34717,63,D#4,49,154607,34767,36,223
808,154397,34720,54,F#3,42,154598,34765,36,201
809,154397,34720,59,B3,57,154567,34758,31,170
810,154415,34724,57,A3,35,154558,34756,23,143
811,154866,34825,63,D#4,36,155125,34883,36,259
812,154875,34827,54,F#3,37,155116,34881,36,241
813,154888,34830,59,B3,36,155107,34879,28,219
814,154906,34834,57,A3,31,155076,34872,23,170
815,155375,34939,63,D#4,54,155728,35018,37,353
816,155375,34939,59,B3,64,155705,35013,35,330
817,155375,34939,54,F#3,56,155719,35016,36,344
818,155388,34942,57,A3,61,155687,35009,36,299
819,155719,35016,64,E4,81,155884,35053,58,165
820,155866,35049,54,F#3,64,156107,35103,29,241
821,155875,35051,57,A3,67,156036,35087,39,161
822,155875,35051,63,D#4,74,156067,35094,72,192
823,155875,35051,59,B3,64,156058,35092,39,183
824,155888,35054,66,F#4,79,156125,35107,39,237
825,156326,35152,67,G4,59,159049,35762,57,2723
826,156348,35157,59,B3,36,156745,35246,35,397
827,156357,35159,62,D4,36,156728,35242,35,371
828,156366,35161,55,G3,53,156736,35244,36,371
829,156375,35163,52,E3,41,156728,35242,36,353
830,156875,35275,59,B3,53,157165,35340,37,290
831,156888,35278,55,G3,56,157138,35334,7,250
832,156928,35287,52,E3,31,157156,35338,5,228
833,156937,35289,62,D4,26,157174,35342,47,237
834,157437,35401,59,B3,33,157576,35432,46,138
835,157446,35403,62,D4,26,157558,35428,58,112
836,157446,35403,52,E3,31,157576,35432,28,129
837,157446,35403,55,G3,41,157576,35432,44,129
838,157978,35522,52,E3,44,158076,35544,52,98
839,157986,35524,59,B3,62,158085,35546,62,98
840,157995,35526,62,D4,53,158076,35544,60,80
841,157995,35526,55,G3,63,158085,35546,58,89
842,158335,35602,52,E3,70,158567,35654,64,232
843,158518,35643,59,B3,68,158607,35663,64,89
844,158527,35645,55,G3,72,158625,35667,63,98
845,158527,35645,62,D4,65,158607,35663,63,80
846,159044,35761,52,E3,59,159308,35820,36,263
847,159067,35766,59,B3,29,159156,35786,47,89
848,159076,35768,62,D4,36,159187,35793,39,112
849,159076,35768,55,G3,26,159147,35784,36,71
850,159446,35851,79,G5,57,159544,35873,55,98
851,159446,35851,67,G4,70,159536,35871,58,89
852,159576,35880,59,B3,58,159728,35914,41,152
853,159598,35885,62,D4,42,159719,35912,47,121
854,159598,35885,52,E3,37,159736,35916,39,138
855,159607,35887,55,G3,49,159736,35916,42,129
856,159937,35961,79,G5,58,160027,35981,59,89
857,159964,35967,67,G4,67,160049,35986,61,85
858,160107,35999,59,B3,63,160317,36046,33,210
859,160107,35999,55,G3,60,160308,36044,36,201
860,160116,36001,52,E3,60,160348,36053,5,232
861,160125,36003,62,D4,60,160228,36026,58,103
862,160147,36008,66,F#4,108,160228,36026,84,80
863,160156,36010,78,F#5,99,160245,36030,88,89
864,160478,36082,67,G4,65,160536,36095,62,58
865,160486,36084,69,A4,59,160527,36093,46,40
866,160486,36084,79,G5,79,160567,36102,60,80
867,160674,36126,69,A4,81,162446,36523,36,1772
868,160678,36127,79,G5,94,160875,36171,44,196
869,160678,36127,81,A5,90,162388,36510,26,1710
870,161187,36241,57,A3,59,161353,36278,36,165
871,161187,36241,64,E4,63,161357,36279,39,170
872,161196,36243,60,C4,65,161348,36277,52,152
873,161205,36245,67,G4,59,161317,36270,62,112
874,162004,36424,64,E4,52,162098,36445,58,94
875,162018,36427,57,A3,58,162134,36453,39,116
876,162018,36427,67,G4,60,162098,36445,62,80
877,162027,36429,60,C4,60,162138,36454,46,112
878,162536,36543,66,F#4,59,162674,36574,37,138
879,162536,36543,57,A3,62,162768,36595,36,232
880,162558,36548,62,D4,56,162678,36575,35,121
881,162576,36552,60,C4,33,162705,36581,21,129
882,163018,36651,64,E4,49,163205,36693,24,187
883,163036,36655,76,E5,69,163205,36693,58,170
884,163245,36702,57,A3,44,163446,36747,29,201
885,163245,36702,66,F#4,53,163388,36734,31,143
886,163286,36711,62,D4,37,163415,36740,29,129
887,163544,36769,62,D4,68,163616,36785,65,71
888,163549,36770,74,D5,59,163665,36796,61,116
889,163786,36823,66,F#4,47,164049,36882,19,263
890,163799,36826,82,A#5,59,163821,36831,39,22
891,163808,36828,57,A3,44,164067,36886,35,259
892,163848,36837,62,D4,50,163995,36870,21,147
893,163857,36839,60,C4,36,163995,36870,7,138
894,164085,36890,76,E5,79,164205,36917,59,121
895,164085,36890,88,E6,117,164196,36915,62,112
896,164245,36926,57,A3,61,164428,36967,37,183
897,164254,36928,66,F#4,60,164437,36969,46,183
898,164259,36929,60,C4,57,164415,36964,35,156
899,164268,36931,62,D4,54,164375,36955,35,107
900,164348,36949,74,D5,59,164375,36955,52,27
901,164446,36971,86,D6,73,164549,36994,60,103
902,164455,36973,74,D5,75,164549,36994,61,94
903,164455,36973,76,E5,77,164495,36982,46,40
904,164736,37036,85,C#6,84,164808,37052,59,71
905,164759,37041,75,D#5,54,164777,37045,58,18
906,164759,37041,73,C#5,64,164826,37056,67,67
907,164915,37076,71,B4,77,164982,37091,59,67
908,164915,37076,83,B5,67,164986,37092,48,71
909,164924,37078,72,C5,77,164964,37087,35,40
910,164937,37081,81,A5,36,164978,37090,39,40
911,165049,37106,71,B4,61,167638,37686,36,2589
912,165058,37108,83,B5,63,167576,37672,35,2518
913,165085,37114,66,F#4,62,165388,37182,37,304
914,165085,37114,55,G3,61,165406,37186,36,321
915,165098,37117,62,D4,60,165228,37146,15,129
916,165098,37117,59,B3,59,165308,37164,5,210
917,165647,37240,66,F#4,57,165728,37258,56,80
918,165647,37240,55,G3,61,165786,37271,41,138
919,165647,37240,59,B3,60,165745,37262,41,98
920,165665,37244,62,D4,42,165736,37260,35,71
921,166375,37403,55,G3,57,166527,37437,37,152
922,166397,37408,62,D4,46,166509,37433,36,112
923,166397,37408,66,F#4,57,166486,37428,36,89
924,166406,37410,59,B3,53,166509,37433,36,103
925,166888,37518,62,D4,52,167357,37623,28,469
926,166897,37520,64,E4,36,167375,37627,35,478
927,166897,37520,55,G3,44,167357,37623,41,460
928,166906,37522,59,B3,58,167348,37621,35,442
929,167567,37670,62,D4,59,168205,37813,33,638
930,167567,37670,64,E4,57,168214,37815,29,647
931,167567,37670,55,G3,55,168187,37809,26,621
932,167567,37670,59,B3,66,168147,37800,5,580
933,167915,37748,71,B4,90,168009,37769,48,94
934,168049,37778,83,B5,81,168178,37807,55,129
935,168147,37800,71,B4,59,168294,37833,60,147
936,168326,37840,81,A5,57,168518,37883,55,192
937,168415,37860,71,B4,70,168464,37871,31,49
938,168415,37860,69,A4,73,168495,37878,61,80
939,168464,37871,59,B3,65,169018,37995,11,554
940,168469,37872,62,D4,59,169009,37993,7,540
941,168469,37872,55,G3,64,168955,37981,21,487
942,168478,37874,64,E4,53,169018,37995,11,540
943,168607,37903,71,B4,79,168687,37921,62,80
944,168625,37907,83,B5,79,168728,37930,55,103
945,169076,38008,72,C5,81,170147,38248,57,1071
946,169085,38010,84,C6,75,170044,38225,5,960
947,169607,38127,54,F#3,55,170335,38290,35,728
948,169616,38129,57,A3,57,170317,38286,3,701
949,169616,38129,60,C4,63,170326,38288,35,710
950,169616,38129,64,E4,55,170366,38297,33,750
951,170415,38308,81,A5,65,170567,38342,63,152
952,170437,38313,69,A4,94,170536,38335,60,98
953,170598,38349,64,E4,57,170728,38378,52,129
954,170616,38353,57,A3,55,170728,38378,33,112
955,170616,38353,60,C4,57,170728,38378,48,112
956,170616,38353,54,F#3,33,170768,38387,36,152
957,170848,38405,66,F#4,50,170884,38413,36,36
958,170978,38434,66,F#4,49,171428,38535,60,451
959,170978,38434,54,F#3,46,172955,38877,42,1978
960,170986,38436,59,B3,56,172906,38866,5,1920
961,170986,38436,78,F#5,72,171455,38541,33,469
962,170995,38438,57,A3,35,172888,38862,5,1893
963,170995,38438,63,D#4,44,172946,38875,37,1951
964,171647,38584,80,G#5,78,171728,38602,24,80
965,171745,38606,72,C5,65,172085,38682,7,339
966,171768,38611,84,C6,86,171995,38662,31,228
967,172455,38765,74,D5,127,172638,38806,57,183
968,172558,38788,86,D6,108,172665,38812,65,107
969,172902,38865,72,C5,41,173299,38954,41,397
970,172937,38873,84,C6,68,173228,38938,31,290
971,173495,38998,59,B3,58,173826,39072,50,330
972,173509,39001,52,E3,55,173875,39083,33,366
973,173509,39001,55,G3,57,173835,39074,3,326
974,173518,39003,62,D4,50,173848,39077,52,330
975,173567,39014,83,B5,62,176187,39601,53,2621
976,173576,39016,71,B4,63,176245,39614,36,2670
977,174147,39144,52,E3,60,174607,39247,35,460
978,174156,39146,57,A3,57,174585,39242,5,429
979,174156,39146,55,G3,58,174567,39238,5,411
980,174165,39148,61,C#4,56,174625,39251,36,460
981,175125,39363,57,A3,57,175375,39419,35,250
982,175138,39366,53,F3,57,175397,39424,24,259
983,175138,39366,50,D3,58,175357,39415,29,219
984,175147,39368,60,C4,53,175397,39424,42,250
985,175915,39540,50,D3,42,176544,39681,35,629
986,175924,39542,59,B3,52,176567,39686,29,643
987,175928,39543,53,F3,59,176558,39684,36,629
988,175928,39543,55,G3,60,176553,39683,39,625
989,176567,39686,69,A4,68,176696,39715,46,129
990,176576,39688,81,A5,68,176736,39724,37,161
991,177125,39811,81,A5,68,178196,40051,31,1071
992,177138,39814,69,A4,90,178196,40051,31,1058
993,177428,39879,54,F#3,62,178549,40130,36,1121
994,177437,39881,60,C4,64,178495,40118,33,1058
995,177446,39883,57,A3,64,178491,40117,5,1045
996,177446,39883,64,E4,60,178536,40127,39,1089
997,178536,40127,67,G4,68,178656,40154,56,121
998,178536,40127,79,G5,61,178656,40154,63,121
999,178835,40194,54,F#3,36,180477,40562,39,1643
1000,178906,40210,57,A3,57,180415,40548,3,1509
1001,178928,40215,63,D#4,55,180044,40465,24,1116
1002,178937,40217,59,B3,63,180428,40551,41,1491
1003,179058,40244,78,F#5,64,179678,40383,44,621
1004,179067,40246,66,F#4,93,179745,40398,63,679
1005,180027,40461,67,G4,66,180326,40528,53,299
1006,180486,40564,59,B3,59,180799,40634,47,312
1007,180937,40665,62,D4,61,181058,40692,61,121
1008,180955,40669,59,B3,59,181446,40779,36,491
1009,181018,40683,64,E4,68,181428,40775,54,411
1010,181536,40799,64,E4,72,181656,40826,62,121
1011,181544,40801,59,B3,59,182165,40940,37,621
1012,181567,40806,52,E3,52,182366,40985,39,799
1013,181616,40817,66,F#4,61,182178,40943,56,562
1014,182335,40978,59,B3,50,182576,41032,35,241
1015,182348,40981,66,F#4,53,182536,41023,61,187
1016,182504,41016,64,E4,60,182875,41099,17,371
1017,182576,41032,52,E3,39,184469,41456,35,1893
1018,182888,41102,66,F#4,53,183786,41303,50,897
1019,182897,41104,59,B3,50,183616,41265,42,719
1020,183995,41350,64,E4,68,184308,41420,3,312
1021,184277,41413,66,F#4,57,184415,41444,44,138
1022,184455,41453,67,G4,63,184745,41518,28,290
1023,184946,41563,72,C5,36,186616,41937,31,1670
1024,185469,41680,57,A3,35,186428,41895,60,960
1025,185888,41774,64,E4,24,186366,41881,48,478
1026,186727,41962,50,D3,44,188768,42419,52,2040
1027,186826,41984,57,A3,49,188736,42412,31,1911
1028,186888,41998,60,C4,52,188098,42269,9,1210
1029,186969,42016,62,D4,26,188165,42284,3,1196
1030,187027,42029,66,F#4,36,188156,42282,5,1129
1031,187058,42036,69,A4,59,188227,42298,5,1170
1032,188598,42381,62,D4,108,188754,42416,42,156
1033,188727,42410,64,E4,61,188897,42448,29,170
1034,188884,42445,66,F#4,60,189018,42475,76,134
1035,189067,42486,71,B4,57,189848,42661,42,781
1036,189549,42594,55,G3,33,190915,42900,33,1366
1037,189558,42596,66,F#4,48,190897,42896,44,1339
1038,189567,42598,62,D4,44,190906,42898,5,1339
1039,189576,42600,59,B3,35,190835,42882,5,1259
1040,189937,42681,71,B4,72,190098,42717,33,161
1041,190125,42723,74,D5,73,190397,42784,29,272
1042,190656,42842,71,B4,57,190937,42905,3,281
1043,190977,42914,69,A4,59,192098,43165,29,1121
1044,192147,43176,55,G3,61,192598,43277,31,451
1045,192156,43178,59,B3,63,192585,43274,31,429
1046,192178,43183,62,D4,55,192598,43277,36,420
1047,192214,43191,67,G4,77,192446,43243,26,232
1048,192527,43261,69,A4,64,192745,43310,59,219
1049,192727,43306,67,G4,69,193009,43369,29,281
1050,193116,43393,66,F#4,53,193227,43418,62,112
1051,193335,43442,67,G4,59,194674,43742,5,1339
1052,193415,43460,54,F#3,42,194955,43805,37,1540
1053,193424,43462,60,C4,42,194897,43792,36,1473
1054,193428,43463,64,E4,26,194928,43799,42,1500
1055,193437,43465,57,A3,35,194888,43790,5,1451
1056,194866,43785,67,G4,90,194986,43812,52,121
1057,194995,43814,69,A4,73,195125,43843,58,129
1058,195102,43838,67,G4,62,195236,43868,59,134
1059,195227,43866,66,F#4,67,195406,43906,50,179
1060,195326,43888,63,D#4,35,196977,44258,39,1652
1061,195326,43888,54,F#3,24,197009,44265,33,1683
1062,195366,43897,59,B3,33,196969,44256,36,1603
1063,195375,43899,67,G4,65,195897,44016,52,522
1064,195388,43902,57,A3,26,196969,44256,3,1580
1065,195857,44007,66,F#4,76,196585,44170,19,728
1066,196937,44249,66,F#4,78,197236,44316,47,299
1067,197236,44316,64,E4,61,197326,44336,48,89
1068,197428,44359,64,E4,62,198388,44574,41,960
1069,197477,44370,52,E3,47,198946,44699,44,1469
1070,197486,44372,66,F#4,57,198187,44529,23,701
1071,197549,44386,59,B3,24,198897,44688,53,1348
1072,198009,44489,62,D4,31,198897,44688,44,888
1073,198866,44681,66,F#4,61,198995,44710,58,129
1074,198875,44683,64,E4,62,199187,44753,5,312
1075,199036,44719,52,E3,49,200518,45051,23,1482
1076,199049,44722,59,B3,58,200536,45055,28,1487
1077,199058,44724,62,D4,46,200428,45031,9,1371
1078,199397,44800,66,F#4,66,199696,44867,47,299
1079,199406,44802,64,E4,60,199736,44876,39,330
1080,199924,44918,66,F#4,64,200326,45008,36,402
1081,200397,45024,64,E4,64,200509,45049,41,112
1082,200567,45062,66,F#4,82,200915,45140,44,348
1083,200897,45136,59,B3,60,201236,45212,35,339
1084,200906,45138,67,G4,62,201107,45183,36,201
1085,200915,45140,52,E3,39,201205,45205,41,290
1086,200928,45143,62,D4,53,201187,45201,21,259
1087,201076,45176,66,F#4,62,201326,45232,48,250
1088,201397,45248,64,E4,55,201486,45268,52,89
1089,201598,45293,57,A3,58,203375,45691,36,1777
1090,201598,45293,64,E4,65,203366,45689,47,1768
1091,201616,45297,60,C4,62,203406,45698,5,1790
1092,202138,45414,67,G4,62,203375,45691,46,1237
1093,203009,45609,76,E5,72,203116,45633,54,107
1094,203116,45633,79,G5,67,203277,45669,53,161
1095,203268,45667,81,A5,73,203384,45693,60,116
1096,203384,45693,82,A#5,39,203495,45718,61,112
1097,203536,45727,83,B5,73,203696,45763,31,161
1098,203674,45758,86,D6,57,203986,45828,36,312
1099,203687,45761,62,D4,64,205357,46135,5,1670
1100,203687,45761,66,F#4,62,205397,46144,37,1710
1101,203687,45761,57,A3,64,205317,46126,31,1629
1102,203692,45762,60,C4,61,205308,46124,5,1616
1103,204009,45833,88,E6,72,204147,45864,55,138
1104,204178,45871,91,G6,73,204348,45909,37,170
1105,204205,45877,89,F6,36,204259,45889,36,54
1106,204495,45942,88,E6,77,204567,45958,62,71
1107,204598,45965,91,G6,83,204937,46041,35,339
1108,204598,45965,83,B5,66,204955,46045,39,357
1109,205004,46056,88,E6,75,205107,46079,55,103
1110,205147,46088,86,D6,67,205397,46144,24,250
1111,205518,46171,83,B5,70,205576,46184,55,58
1112,205536,46175,86,D6,79,205727,46218,59,192
1113,205665,46204,66,F#4,52,207736,46668,39,2071
1114,205665,46204,55,G3,41,207768,46675,24,2103
1115,205674,46206,62,D4,56,207705,46661,5,2031
1116,205687,46209,59,B3,58,206656,46426,5,969
1117,205719,46216,83,B5,90,206018,46283,29,299
1118,206067,46294,79,G5,81,206196,46323,47,129
1119,207058,46516,79,G5,101,207187,46545,42,129
1120,207245,46558,81,A5,86,207397,46592,57,152
1121,207576,46632,84,C6,117,207594,46636,86,18
1122,207576,46632,83,B5,117,207687,46657,48,112
1123,208107,46751,62,D4,58,209736,47116,5,1629
1124,208107,46751,66,F#4,57,209705,47109,29,1598
1125,208116,46753,55,G3,46,209719,47112,9,1603
1126,208357,46807,79,G5,70,208567,46854,3,210
1127,208719,46888,81,A5,101,208817,46910,55,98
1128,208888,46926,83,B5,108,209138,46982,36,250
1129,209187,46993,81,A5,77,209348,47029,36,161
1130,209366,47033,79,G5,108,209647,47096,29,281
1131,209928,47159,81,A5,101,212518,47739,48,2589
1132,210437,47273,67,G4,60,210678,47327,31,241
1133,210437,47273,60,C4,47,210674,47326,33,237
1134,210446,47275,72,C5,59,210656,47322,37,210
1135,210446,47275,64,E4,63,210656,47322,31,210
1136,211366,47481,57,A3,54,211455,47501,59,89
1137,211366,47481,67,G4,57,211428,47495,57,62
1138,211576,47528,58,A#3,63,211594,47532,60,18
1139,211897,47600,63,D#4,57,213665,47996,36,1768
1140,211897,47600,54,F#3,59,213696,48003,36,1799
1141,211897,47600,57,A3,59,213647,47992,5,1750
1142,211906,47602,59,B3,64,213665,47996,3,1759
1143,212835,47810,79,G5,94,212937,47833,56,103
1144,213058,47860,79,G5,117,213357,47927,36,299
1145,213397,47936,78,F#5,63,213576,47976,59,179
1146,213598,47981,76,E5,52,213857,48039,49,259
1147,213955,48061,74,D5,68,214156,48106,17,201
1148,214138,48102,76,E5,67,216875,48715,36,2737
1149,214437,48169,59,B3,60,214585,48202,59,147
1150,214437,48169,55,G3,62,214585,48202,57,147
1151,214446,48171,52,E3,55,214598,48205,53,152
1152,214446,48171,62,D4,57,214576,48200,58,129
1153,215107,48319,52,E3,50,215772,48468,47,665
1154,215116,48321,59,B3,64,215768,48467,36,652
1155,215120,48322,55,G3,60,215745,48462,7,625
1156,215138,48326,62,D4,59,215768,48467,42,629
1157,216187,48561,55,G3,62,218107,48991,29,1920
1158,216196,48563,59,B3,63,218116,48993,31,1920
1159,216196,48563,52,E3,56,218134,48997,31,1937
1160,216205,48565,62,D4,58,218125,48995,36,1920
1161,217085,48762,77,F5,77,217254,48800,44,170
1162,217085,48762,76,E5,90,217259,48801,41,174
1163,217518,48859,76,E5,72,217665,48892,42,147
1164,217665,48892,75,D#5,64,217915,48948,36,250
1165,217982,48963,76,E5,62,218098,48989,36,116
1166,218147,49000,78,F#5,74,219375,49275,36,1228
1167,218625,49107,54,F#3,58,219058,49204,7,433
1168,218647,49112,63,D#4,70,219027,49197,26,379
1169,218656,49114,57,A3,59,218866,49161,3,210
1170,218656,49114,60,C4,62,218946,49179,5,290
1171,219415,49284,71,B4,68,219759,49361,33,344
1172,219544,49313,54,F#3,60,219745,49358,36,201
1173,219558,49316,57,A3,64,219705,49349,35,147
1174,219558,49316,60,C4,64,219705,49349,36,147
1175,219567,49318,64,E4,60,219736,49356,41,170
1176,219857,49383,63,D#4,39,219875,49387,37,18
1177,219888,49390,78,F#5,59,220634,49557,48,746
1178,219946,49403,57,A3,62,220598,49549,19,652
1179,219946,49403,59,B3,68,220616,49553,3,670
1180,219946,49403,54,F#3,57,220683,49568,42,737
1181,219955,49405,63,D#4,56,220696,49571,37,741
1182,220826,49600,54,F#3,58,221495,49750,33,670
1183,220835,49602,57,A3,61,221415,49732,3,580
1184,220835,49602,59,B3,63,221446,49739,19,612
1185,220835,49602,63,D#4,52,221477,49746,36,643
1186,220848,49605,78,F#5,79,221134,49669,36,286
1187,221227,49690,76,E5,62,221366,49721,36,138
1188,221415,49732,78,F#5,63,221799,49818,53,384
1189,221866,49833,52,E3,56,225527,50653,36,3661
1190,221866,49833,78,F#5,60,221937,49849,62,71
1191,221875,49835,59,B3,44,225509,50649,36,3634
1192,221875,49835,55,G3,65,225518,50651,24,3643
1193,221888,49838,62,D4,52,225549,50658,36,3661
1194,221915,49844,79,G5,63,222214,49911,37,299
1195,222219,49912,81,A5,65,222388,49950,47,170
1196,222366,49945,79,G5,68,222674,50014,53,308
1197,222674,50014,78,F#5,68,222866,50057,56,192
1198,222835,50050,79,G5,81,223147,50120,33,312
1199,223116,50113,78,F#5,59,223285,50151,56,170
1200,223277,50149,76,E5,73,223544,50209,35,268
1201,223576,50216,78,F#5,61,223745,50254,56,170
1202,223754,50256,76,E5,65,223964,50303,52,210
1203,224076,50328,71,B4,117,224308,50380,7,232
1204,224567,50438,71,B4,68,224647,50456,57,80
1205,224736,50476,74,D5,127,225018,50539,44,281
1206,225076,50552,76,E5,65,225165,50572,59,89
1207,225227,50586,76,E5,59,225388,50622,48,161
1208,225808,50716,76,E5,65,226977,50978,39,1170
1209,225808,50716,77,F5,65,225928,50743,59,121
1210,226308,50828,57,A3,55,227018,50987,36,710
1211,226317,50830,60,C4,63,227027,50989,35,710
1212,226317,50830,67,G4,57,227035,50991,36,719
1213,226317,50830,64,E4,60,227058,50996,31,741
1214,227116,51009,76,E5,79,227535,51103,33,420
1215,227214,51031,64,E4,58,227335,51058,59,121
1216,227214,51031,57,A3,59,227388,51070,36,174
1217,227219,51032,67,G4,56,227357,51063,56,138
1218,227227,51034,60,C4,66,227397,51072,39,170
1219,227576,51112,74,D5,70,228035,51215,33,460
1220,227585,51114,57,A3,57,229727,51594,3,2143
1221,227585,51114,66,F#4,62,229785,51607,35,2201
1222,227638,51126,62,D4,24,229647,51576,5,2009
1223,228165,51244,74,D5,62,228317,51278,47,152
1224,228348,51285,79,G5,83,228625,51347,36,277
1225,228357,51287,77,F5,79,228477,51314,3,121
1226,228826,51392,78,F#5,127,228924,51414,36,98
1227,228835,51394,77,F5,83,228955,51421,59,121
1228,228857,51399,74,D5,53,228888,51406,58,31
1229,229085,51450,78,F#5,117,229308,51500,44,223
1230,229366,51513,76,E5,68,229527,51549,52,161
1231,229535,51551,74,D5,75,229817,51614,19,281
1232,229835,51618,76,E5,69,229986,51652,56,152
1233,230009,51657,71,B4,69,232424,52198,31,2415
1234,230424,51750,55,G3,48,230727,51818,33,304
1235,230437,51753,66,F#4,57,230607,51791,39,170
1236,230446,51755,59,B3,52,230616,51793,29,170
1237,230455,51757,62,D4,42,230665,51804,23,210
1238,231156,51914,55,G3,58,231317,51950,44,161
1239,231165,51916,59,B3,59,231299,51946,48,134
1240,231165,51916,66,F#4,59,231308,51948,42,143
1241,231174,51918,62,D4,54,231285,51943,39,112
1242,231625,52019,55,G3,47,233277,52389,41,1652
1243,231634,52021,64,E4,44,233277,52389,36,1643
1244,231638,52022,62,D4,53,233268,52387,41,1629
1245,231656,52026,59,B3,59,233259,52385,36,1603
1246,232576,52232,71,B4,58,232817,52286,41,241
1247,232991,52325,70,A#4,66,233067,52342,64,76
1248,233156,52362,71,B4,65,233946,52539,35,790
1249,233656,52474,54,F#3,50,235098,52797,33,1442
1250,233674,52478,64,E4,57,235067,52790,33,1393
1251,233674,52478,57,A3,61,235027,52781,5,1353
1252,233678,52479,60,C4,61,235044,52785,17,1366
1253,234227,52602,76,E5,127,234326,52624,56,98
1254,234348,52629,79,G5,53,234495,52662,53,147
1255,234486,52660,81,A5,67,234607,52687,58,121
1256,234598,52685,82,A#5,44,234687,52705,70,89
1257,234759,52721,83,B5,72,234977,52770,42,219
1258,235076,52792,86,D6,81,235196,52819,46,121
1259,235236,52828,88,E6,68,235518,52891,57,281
1260,235285,52839,83,B5,63,235326,52848,44,40
1261,235558,52900,54,F#3,58,237277,53285,36,1719
1262,235567,52902,91,G6,72,236205,53045,29,638
1263,235567,52902,63,D#4,59,237245,53278,37,1679
1264,235567,52902,57,A3,57,237205,53269,5,1638
1265,235567,52902,83,B5,73,236196,53043,29,629
1266,235576,52904,59,B3,64,237196,53267,11,1621
1267,236277,53061,88,E6,108,236428,53095,53,152
1268,236415,53092,86,D6,108,236585,53130,29,170
1269,236567,53126,88,E6,86,236799,53178,15,232
1270,236696,53155,86,D6,94,236826,53184,64,129
1271,236835,53186,83,B5,69,237035,53231,46,201
1272,237009,53225,81,A5,72,237187,53265,64,179
1273,237174,53262,82,A#5,63,237357,53303,49,183
1274,237326,53296,81,A5,72,237544,53345,29,219
1275,237469,53328,82,A#5,66,237598,53357,57,129
1276,237549,53346,79,G5,52,237705,53381,58,156
1277,237692,53378,76,E5,60,240977,54114,37,3286
1278,237745,53390,64,E4,49,238152,53481,33,406
1279,237754,53392,59,B3,53,238018,53451,21,263
1280,237759,53393,60,C4,49,237835,53410,56,76
1281,237768,53395,53,F3,42,237955,53437,17,187
1282,238518,53563,57,A3,70,239018,53675,3,500
1283,238535,53567,55,G3,47,239049,53682,31,513
1284,238535,53567,52,E3,64,239067,53686,29,531
1285,238549,53570,62,D4,63,239058,53684,42,509
1286,239665,53820,50,D3,60,239897,53872,31,232
1287,239665,53820,54,F#3,64,239906,53874,41,241
1288,239665,53820,57,A3,61,239888,53870,41,223
1289,239674,53822,60,C4,61,239906,53874,44,232
1290,240415,53988,59,B3,52,241687,54273,41,1272
1291,240415,53988,55,G3,59,241656,54266,41,1241
1292,240428,53991,50,D3,61,241665,54268,36,1237
1293,240428,53991,53,F3,46,241665,54268,35,1237
1294,241227,54170,77,F5,47,241357,54199,52,129
1295,241647,54264,81,A5,83,243013,54570,35,1366
1296,242156,54378,54,F#3,37,242719,54504,36,562
1297,242165,54380,64,E4,60,242736,54508,33,571
1298,242174,54382,57,A3,57,242705,54501,3,531
1299,242178,54383,60,C4,63,242696,54499,33,518
1300,242906,54546,54,F#3,62,243205,54613,36,299
1301,242915,54548,60,C4,66,243165,54604,31,250
1302,242924,54550,57,A3,64,243165,54604,15,241
1303,242937,54553,64,E4,64,243187,54609,23,250
1304,242937,54553,63,D#4,56,243027,54573,9,89
1305,243125,54595,79,G5,117,243469,54672,29,344
1306,243437,54665,54,F#3,49,245018,55019,33,1580
1307,243437,54665,78,F#5,56,244375,54875,33,937
1308,243446,54667,63,D#4,53,244955,55005,35,1509
1309,243455,54669,57,A3,57,244964,55007,5,1509
1310,243455,54669,59,B3,62,244955,55005,3,1500
1311,244535,54911,79,G5,64,245018,55019,3,482
1312,245035,55023,71,B4,58,245227,55066,29,192
1313,245317,55086,76,E5,64,245826,55200,33,509
1314,245736,55180,52,E3,44,246134,55269,35,397
1315,245897,55216,59,B3,57,246174,55278,50,277
1316,246116,55265,64,E4,48,246245,55294,56,129
1317,246268,55299,67,G4,42,246375,55323,59,107
1318,246335,55314,71,B4,56,246437,55337,59,103
1319,246455,55341,64,E4,55,246598,55373,58,143
1320,246625,55379,74,D5,55,246696,55395,70,71
1321,246696,55395,76,E5,47,246777,55413,59,80
1322,246808,55420,74,D5,53,246955,55453,59,147
1323,246946,55451,77,F5,57,247116,55489,48,170
1324,247058,55476,74,D5,83,247227,55514,53,170
1325,247116,55489,83,B5,36,247277,55525,36,161
1326,247147,55496,77,F5,59,247263,55522,55,116
1327,247187,55505,86,D6,57,247335,55538,44,147
1328,247196,55507,76,E5,31,247259,55521,35,62
1329,247259,55521,88,E6,60,247415,55556,23,156
1330,247366,55545,91,G6,67,247535,55583,57,170
1331,247897,55664,76,E5,61,248156,55722,53,259
1332,247915,55668,64,E4,67,248178,55727,53,263
1333,248428,55783,78,F#5,68,248585,55818,74,156
1334,248428,55783,66,F#4,63,248567,55814,59,138
1335,248928,55895,67,G4,63,249049,55922,65,121
1336,248946,55899,79,G5,63,249098,55933,57,152
1337,249469,56016,57,A3,37,249888,56110,24,420
1338,249477,56018,64,E4,44,249995,56134,37,518
1339,249477,56018,60,C4,53,249875,56107,11,397
1340,249504,56024,67,G4,44,249785,56087,35,281
1341,249509,56025,72,C5,54,249625,56051,46,116
1342,249674,56062,84,C6,58,249768,56083,53,94
1343,249799,56090,72,C5,57,249875,56107,50,76
1344,249888,56110,67,G4,35,249986,56132,44,98
1345,249897,56112,84,C6,70,249986,56132,56,89
1346,249955,56125,57,A3,60,250098,56157,54,143
1347,250009,56137,72,C5,63,250067,56150,53,58
1348,250035,56143,64,E4,37,250384,56221,36,348
1349,250035,56143,60,C4,59,250165,56172,44,129
1350,250076,56152,67,G4,49,250187,56177,35,112
1351,250076,56152,84,C6,70,250147,56168,56,71
1352,250156,56170,72,C5,63,250227,56186,57,71
1353,250165,56172,57,A3,57,250299,56202,46,134
1354,250236,56188,84,C6,70,250308,56204,53,71
1355,250268,56195,60,C4,53,250379,56220,24,112
1356,250277,56197,67,G4,46,250366,56217,47,89
1357,250317,56206,72,C5,61,250388,56222,56,71
1358,250357,56215,57,A3,53,250486,56244,44,129
1359,250388,56222,84,C6,64,250446,56235,57,58
1360,250428,56231,64,E4,35,250553,56259,36,125
1361,250446,56235,67,G4,49,250544,56257,41,98
1362,250455,56237,60,C4,33,250544,56257,19,89
1363,250477,56242,72,C5,57,250549,56258,52,71
1364,250527,56253,57,A3,61,250656,56282,49,129
1365,250535,56255,84,C6,59,250625,56275,41,89
1366,250607,56271,60,C4,61,250718,56296,29,112
1367,250607,56271,64,E4,63,250705,56293,48,98
1368,250634,56277,67,G4,41,250696,56291,49,62
1369,250638,56278,72,C5,55,250718,56296,53,80
1370,250705,56293,84,C6,64,250808,56316,37,103
1371,250718,56296,57,A3,59,250857,56327,52,138
1372,250785,56311,64,E4,47,251027,56365,33,241
1373,250808,56316,72,C5,55,250897,56336,47,89
1374,250888,56334,84,C6,56,250995,56358,50,107
1375,250946,56347,60,C4,23,251049,56370,62,103
1376,250968,56352,57,A3,41,251058,56372,46,89
1377,251000,56359,72,C5,61,251125,56387,29,125
1378,251107,56383,84,C6,36,251236,56412,42,129
1379,251174,56398,72,C5,29,252085,56602,52,911
1380,251335,56434,84,C6,52,252009,56585,29,674
1381,251486,56468,52,E3,39,251585,56490,59,98
1382,251486,56468,50,D3,48,253477,56914,36,1991
1383,251995,56582,54,F#3,26,252549,56706,35,554
1384,252058,56596,57,A3,58,252549,56706,13,491
1385,252076,56600,60,C4,60,252446,56683,33,371
1386,252607,56719,62,D4,60,252727,56746,57,121
1387,252616,56721,74,D5,72,252768,56755,57,152
1388,252915,56788,64,E4,81,252986,56804,56,71
1389,252915,56788,76,E5,72,252986,56804,58,71
1390,253116,56833,66,F#4,99,253156,56842,88,40
1391,253116,56833,78,F#5,72,253156,56842,99,40
1392,253156,56842,77,F5,79,253205,56853,36,49
1393,253156,56842,65,F4,61,253178,56847,48,22
1394,253165,56844,76,E5,77,253196,56851,37,31
1395,253477,56914,84,C6,69,253915,57012,60,437
1396,253486,56916,74,D5,72,253535,56927,35,49
1397,253486,56916,72,C5,75,253946,57019,57,460
1398,254058,57044,71,B4,72,256107,57503,37,2049
1399,254058,57044,83,B5,86,256058,57492,49,2000
1400,254227,57082,55,G3,58,254549,57154,36,321
1401,254259,57089,66,F#4,54,254397,57120,53,138
1402,254527,57149,66,F#4,47,254638,57174,48,112
1403,254544,57153,62,D4,29,254607,57167,26,62
1404,254625,57171,55,G3,70,254745,57198,64,121
1405,254674,57182,59,B3,36,254768,57203,52,94
1406,254718,57192,62,D4,28,254826,57216,57,107
1407,254727,57194,66,F#4,57,254848,57221,48,121
1408,254817,57214,55,G3,67,254977,57250,56,161
1409,254857,57223,56,G#3,60,254937,57241,35,80
1410,254937,57241,66,F#4,56,255044,57265,49,107
1411,255125,57283,55,G3,47,255437,57353,41,312
1412,255178,57295,59,B3,55,255379,57340,37,201
1413,255196,57299,62,D4,39,255415,57348,37,219
1414,255236,57308,66,F#4,19,255428,57351,58,192
1415,255544,57377,62,D4,57,256156,57514,15,612
1416,255544,57377,59,B3,60,256178,57519,23,634
1417,255558,57380,64,E4,53,256098,57501,24,540
1418,255558,57380,55,G3,46,256125,57507,26,567
1419,256227,57530,62,D4,39,256406,57570,41,179
1420,256236,57532,55,G3,53,256558,57604,28,321
1421,256245,57534,64,E4,60,256388,57566,50,143
1422,256245,57534,59,B3,68,256464,57583,37,219
1423,256727,57642,62,D4,65,256875,57675,48,147
1424,256727,57642,74,D5,58,256906,57682,53,179
1425,257174,57742,72,C5,61,257299,57770,61,125
1426,257187,57745,60,C4,86,257268,57763,64,80
1427,257375,57787,62,D4,108,257455,57805,60,80
1428,257388,57790,74,D5,90,257504,57816,57,116
1429,257768,57875,81,A5,65,258375,58011,33,607
1430,257772,57876,79,G5,67,257897,57904,49,125
1431,257785,57879,69,A4,108,258437,58025,37,652
1432,258285,57991,54,F#3,36,259277,58213,36,991
1433,258308,57996,57,A3,62,259107,58175,5,799
1434,258308,57996,64,E4,61,259125,58179,19,817
1435,258308,57996,60,C4,63,259085,58170,19,777
1436,258558,58052,81,A5,35,258634,58069,52,76
1437,258567,58054,69,A4,47,258616,58065,44,49
1438,258718,58088,69,A4,42,258777,58101,36,58
1439,258777,58101,81,A5,63,258906,58130,54,129
1440,258897,58128,69,A4,58,259058,58164,26,161
1441,259049,58162,81,A5,41,259178,58191,67,129
1442,259299,58218,67,G4,48,259477,58258,58,179
1443,259326,58224,79,G5,79,259437,58249,58,112
1444,259567,58278,54,F#3,56,261928,58807,35,2362
1445,259585,58282,57,A3,54,261835,58786,5,2250
1446,259585,58282,59,B3,63,261848,58789,5,2263
1447,259585,58282,63,D#4,57,261897,58800,29,2312
1448,259745,58318,66,F#4,68,259826,58336,61,80
1449,259768,58323,78,F#5,57,259924,58358,61,156
1450,259928,58359,66,F#4,74,260009,58377,62,80
1451,260018,58379,78,F#5,82,260107,58399,55,89
1452,260107,58399,66,F#4,57,260236,58428,21,129
1453,260236,58428,78,F#5,72,260366,58457,56,129
1454,260366,58457,66,F#4,78,260468,58480,60,103
1455,260397,58464,78,F#5,57,260504,58488,50,107
1456,260875,58571,69,A4,67,260977,58594,64,103
1457,260875,58571,81,A5,66,261027,58605,53,152
1458,260888,58574,71,B4,66,260937,58585,28,49
1459,261437,58697,74,D5,68,261647,58744,44,210
1460,261446,58699,76,E5,65,261535,58719,26,89
1461,261446,58699,86,D6,79,261576,58728,50,129
1462,261826,58784,84,C6,65,261995,58822,58,170
1463,261848,58789,72,C5,64,261995,58822,50,147
1464,262348,58901,83,B5,83,263076,59064,42,728
1465,262357,58903,71,B4,70,262986,59044,57,629
1466,262477,58930,59,B3,59,263397,59136,48,920
1467,262486,58932,55,G3,61,263357,59127,29,871
1468,262495,58934,52,E3,61,263375,59131,36,879
1469,262509,58937,62,D4,61,263375,59131,50,866
1470,263076,59064,71,B4,59,263156,59082,44,80
1471,263388,59134,71,B4,11,263415,59140,37,27
1472,263468,59152,83,B5,67,263567,59174,54,98
1473,263527,59165,62,D4,41,264018,59275,37,491
1474,263549,59170,59,B3,26,264044,59281,36,496
1475,263558,59172,71,B4,64,263674,59198,52,116
1476,263558,59172,55,G3,39,264035,59279,37,478
1477,263567,59174,52,E3,36,264567,59398,23,1000
1478,263665,59196,83,B5,68,263808,59228,50,143
1479,263937,59257,83,B5,69,264098,59293,57,161
1480,263942,59258,71,B4,81,264138,59302,36,196
1481,264098,59293,59,B3,59,264549,59394,19,451
1482,264107,59295,55,G3,64,264504,59384,3,397
1483,264116,59297,62,D4,63,264397,59360,44,281
1484,264607,59407,64,E4,64,264817,59454,44,210
1485,264607,59407,76,E5,73,264794,59449,49,187
1486,264906,59474,59,B3,62,265317,59566,36,411
1487,264906,59474,52,E3,29,265317,59566,33,411
1488,264915,59476,55,G3,59,265285,59559,33,371
1489,264928,59479,62,D4,53,265308,59564,35,379
1490,264946,59483,76,E5,65,265022,59500,56,76
1491,264955,59485,64,E4,70,265018,59499,63,62
1492,265138,59526,66,F#4,88,265236,59548,76,98
1493,265156,59530,78,F#5,108,265263,59554,78,107
1494,265455,59597,59,B3,67,265857,59687,44,402
1495,265455,59597,52,E3,61,265835,59682,42,379
1496,265468,59600,55,G3,65,265835,59682,31,366
1497,265477,59602,62,D4,65,265866,59689,44,388
1498,265634,59637,79,G5,68,265808,59676,58,174
1499,265647,59640,67,G4,94,265736,59660,72,89
1500,266187,59761,64,E4,61,266634,59861,36,446
1501,266187,59761,60,C4,62,266616,59857,31,429
1502,266192,59762,57,A3,67,266598,59853,33,406
1503,266196,59763,84,C6,70,266285,59783,94,89
1504,266196,59763,72,C5,75,267147,59976,59,951
1505,266196,59763,67,G4,58,266576,59848,29,379
1506,266308,59788,83,B5,59,267147,59976,5,839
1507,266718,59880,64,E4,62,267058,59956,31,339
1508,266718,59880,57,A3,59,266995,59942,36,277
1509,266718,59880,60,C4,65,267009,59945,29,290
1510,266727,59882,67,G4,66,267018,59947,37,290
1511,267527,60061,57,A3,41,267848,60133,21,321
1512,267535,60063,64,E4,63,267808,60124,48,272
1513,267535,60063,67,G4,54,267826,60128,52,290
1514,267535,60063,60,C4,62,267839,60131,28,304
1515,267585,60074,91,G6,68,267745,60110,53,161
1516,267598,60077,79,G5,101,267745,60110,26,147
1517,267625,60083,89,F6,33,267678,60095,26,54
1518,268098,60189,57,A3,64,268634,60309,3,536
1519,268098,60189,62,D4,67,268567,60294,3,469
1520,268098,60189,60,C4,67,268616,60305,3,518
1521,268107,60191,66,F#4,76,268625,60307,39,518
1522,268116,60193,90,F#6,82,268768,60339,44,652
1523,268138,60198,78,F#5,127,268768,60339,70,629
1524,268835,60354,66,F#4,57,269294,60457,41,460
1525,268835,60354,57,A3,65,269245,60446,42,411
1526,268848,60357,62,D4,61,269259,60449,31,411
1527,268848,60357,60,C4,63,269245,60446,5,397
1528,268946,60379,83,B5,81,269018,60395,35,71
1529,268946,60379,93,A6,101,269107,60415,41,161
1530,268946,60379,81,A5,77,269178,60431,36,232
1531,269437,60489,66,F#4,61,270299,60682,24,862
1532,269437,60489,57,A3,63,270236,60668,15,799
1533,269446,60491,62,D4,64,270241,60669,3,795
1534,269446,60491,60,C4,64,270178,60655,5,732
1535,269455,60493,81,A5,81,269567,60518,60,112
1536,269455,60493,93,A6,64,269567,60518,59,112
1537,269455,60493,91,G6,66,269558,60516,57,103
1538,269495,60502,89,F6,46,269518,60507,49,22
1539,269848,60581,78,F#5,93,269928,60599,60,80
1540,269857,60583,90,F#6,78,269955,60605,78,98
1541,270455,60717,76,E5,94,270558,60740,57,103
1542,270455,60717,88,E6,72,270567,60742,58,112
1543,270857,60807,74,D5,101,270928,60823,65,71
1544,270866,60809,86,D6,59,270937,60825,46,71
1545,270875,60811,84,C6,59,270915,60820,42,40
1546,270875,60811,83,B5,57,270897,60816,56,22
1547,270995,60838,66,F#4,50,271468,60944,28,473
1548,271004,60840,55,G3,49,271455,60941,21,451
1549,271004,60840,62,D4,56,271357,60919,5,353
1550,271018,60843,59,B3,57,271326,60912,5,308
1551,271044,60849,76,E5,70,272227,61114,39,1183
1552,271044,60849,86,D6,108,271187,60881,36,143
1553,271049,60850,74,D5,68,271134,60869,69,85
1554,271049,60850,88,E6,101,272205,61109,29,1156
1555,271567,60966,66,F#4,62,271794,61017,36,228
1556,271567,60966,62,D4,63,271759,61009,28,192
1557,271567,60966,55,G3,53,271857,61031,7,290
1558,271576,60968,59,B3,64,271745,61006,26,170
1559,272085,61082,55,G3,42,272464,61167,23,379
1560,272085,61082,66,F#4,57,272437,61161,36,353
1561,272098,61085,62,D4,58,272375,61147,3,277
1562,272098,61085,59,B3,60,272357,61143,5,259
1563,272468,61168,86,D6,64,272607,61199,56,138
1564,272477,61170,74,D5,94,272638,61206,53,161
1565,272625,61203,55,G3,52,272808,61244,41,183
1566,272625,61203,59,B3,60,272768,61235,44,143
1567,272634,61205,62,D4,59,272777,61237,41,143
1568,272638,61206,66,F#4,57,272759,61233,44,121
1569,272785,61239,71,B4,55,272848,61253,24,62
1570,272955,61277,83,B5,65,273785,61463,26,830
1571,272955,61277,71,B4,67,273875,61483,35,920
1572,273076,61304,62,D4,59,273968,61504,11,893
1573,273085,61306,55,G3,47,273906,61490,19,821
1574,273085,61306,59,B3,62,273857,61479,3,772
1575,273085,61306,64,E4,48,273906,61490,3,821
1576,274107,61535,71,B4,67,274259,61569,36,152
1577,274125,61539,83,B5,62,274277,61573,57,152
1578,274178,61551,62,D4,13,274518,61627,35,339
1579,274196,61555,55,G3,11,274509,61625,39,312
1580,274196,61555,64,E4,24,274535,61631,35,339
1581,274205,61557,59,B3,35,274509,61625,36,304
1582,274486,61620,81,A5,66,274576,61640,64,89
1583,274504,61624,69,A4,81,274567,61638,65,62
1584,274687,61665,55,G3,60,275018,61739,29,330
1585,274687,61665,62,D4,58,275027,61741,35,339
1586,274687,61665,59,B3,67,275018,61739,33,330
1587,274687,61665,67,G4,94,274799,61690,49,112
1588,274696,61667,64,E4,57,274986,61732,31,290
1589,274696,61667,79,G5,83,274848,61701,52,152
1590,275174,61774,81,A5,64,276277,62021,57,1103
1591,275196,61779,69,A4,117,276317,62030,39,1121
1592,275549,61858,54,F#3,62,276067,61974,23,518
1593,275553,61859,60,C4,65,276058,61972,17,504
1594,275558,61860,64,E4,65,276053,61971,31,496
1595,275558,61860,57,A3,62,276018,61963,5,460
1596,276259,62017,54,F#3,57,276638,62102,35,379
1597,276268,62019,60,C4,65,276638,62102,36,371
1598,276277,62021,57,A3,62,276616,62097,3,339
1599,276277,62021,64,E4,60,276665,62108,35,388
1600,276437,62057,78,F#5,84,276995,62182,39,558
1601,276437,62057,66,F#4,79,276955,62173,60,518
1602,276906,62162,54,F#3,59,277107,62207,50,201
1603,276915,62164,57,A3,62,277076,62200,35,161
1604,276915,62164,60,C4,60,277076,62200,42,161
1605,276915,62164,64,E4,60,277067,62198,47,152
1606,277415,62276,54,F#3,60,278527,62525,31,1112
1607,277437,62281,63,D#4,59,278477,62514,37,1040
1608,277446,62283,81,A5,63,278125,62435,39,679
1609,277446,62283,59,B3,65,278437,62505,36,991
1610,277446,62283,57,A3,61,278415,62500,5,969
1611,277464,62287,69,A4,79,278125,62435,37,661
1612,278446,62507,79,G5,66,278937,62617,42,491
1613,278455,62509,67,G4,79,278986,62628,56,531
1614,278937,62617,54,F#3,62,279196,62675,36,259
1615,278937,62617,63,D#4,61,279147,62664,46,210
1616,278955,62621,59,B3,68,279138,62662,36,183
1617,278955,62621,57,A3,61,279125,62659,26,170
1618,279259,62689,74,D5,59,279477,62738,37,219
1619,279277,62693,62,D4,63,279437,62729,39,161
1620,279745,62798,76,E5,64,282018,63307,13,2272
1621,279768,62803,64,E4,73,281915,63284,46,2147
1622,279897,62832,59,B3,65,280245,62910,35,348
1623,279906,62834,55,G3,63,280236,62908,36,330
1624,279906,62834,52,E3,62,280227,62906,36,321
1625,279915,62836,62,D4,60,280227,62906,35,312
1626,280718,63016,52,E3,64,280866,63049,42,147
1627,280718,63016,59,B3,63,280857,63047,49,138
1628,280727,63018,62,D4,59,280835,63042,46,107
1629,280727,63018,55,G3,66,280866,63049,52,138
1630,281299,63146,59,B3,65,281794,63257,33,496
1631,281299,63146,52,E3,59,281785,63255,35,487
1632,281308,63148,62,D4,59,281745,63246,3,437
1633,281308,63148,55,G3,64,281777,63253,36,469
1634,281946,63291,59,B3,59,282955,63517,36,1009
1635,281955,63293,52,E3,49,283009,63529,13,1054
1636,281955,63293,55,G3,60,282955,63517,31,1000
1637,281955,63293,62,D4,52,282848,63493,28,893
1638,282326,63376,66,F#4,52,282705,63461,41,379
1639,282857,63495,64,E4,64,283018,63531,56,161
1640,283049,63538,62,D4,70,283218,63576,35,170
1641,283357,63607,64,E4,64,283455,63629,41,98
1642,283477,63634,66,F#4,63,283625,63667,52,147
1643,283598,63661,67,G4,60,284035,63759,52,437
1644,284116,63777,67,G4,58,284218,63800,31,103
1645,284156,63786,66,F#4,44,284687,63905,3,531
1646,284665,63900,58,A#3,33,284848,63941,62,183
1647,284683,63904,54,F#3,60,284772,63924,47,89
1648,285143,64007,59,B3,62,285415,64068,42,272
1649,285468,64080,64,E4,62,285745,64142,36,277
1650,285857,64167,67,G4,47,286964,64415,47,1107
1651,286567,64326,59,B3,62,286946,64411,3,379
1652,286576,64328,55,G3,35,286968,64416,39,393
1653,286585,64330,62,D4,42,286964,64415,5,379
1654,286585,64330,66,F#4,72,286937,64409,33,353
1655,287076,64440,67,G4,79,287335,64498,36,259
1656,287375,64507,66,F#4,62,287607,64559,54,232
1657,287687,64577,64,E4,68,287897,64624,21,210
1658,287848,64613,66,F#4,64,288009,64649,56,161
1659,288147,64680,67,G4,67,291076,65336,56,2929
1660,288705,64805,60,C4,59,289035,64879,33,330
1661,288705,64805,57,A3,59,289035,64879,21,330
1662,288705,64805,54,F#3,36,289058,64884,35,353
1663,288718,64808,64,E4,59,289107,64895,29,388
1664,290196,65139,63,D#4,36,290259,65153,93,62
1665,290205,65141,57,A3,69,290388,65182,35,183
1666,290227,65146,60,C4,61,290335,65170,33,107
1667,290245,65150,64,E4,42,290308,65164,36,62
1668,290259,65153,62,D4,108,290335,65170,44,76
1669,291165,65356,67,G4,81,291553,65443,19,388
1670,291567,65446,66,F#4,67,291696,65475,53,129
1671,291736,65484,67,G4,69,292098,65565,26,362
1672,292205,65589,69,A4,64,294785,66167,55,2580
1673,292678,65695,64,E4,62,293125,65795,35,446
1674,292687,65697,57,A3,62,293147,65800,41,460
1675,292687,65697,60,C4,64,293125,65795,11,437
1676,292692,65698,67,G4,56,293134,65797,36,442
1677,293357,65847,64,E4,52,293518,65883,58,161
1678,293366,65849,57,A3,49,293549,65890,46,183
1679,293375,65851,60,C4,58,293544,65889,44,170
1680,293388,65854,67,G4,60,293509,65881,58,121
1681,293848,65957,57,A3,64,294647,66136,5,799
1682,293848,65957,66,F#4,60,294674,66142,37,826
1683,293857,65959,62,D4,58,294768,66163,5,911
1684,293866,65961,60,C4,57,294567,66118,5,701
1685,294897,66192,60,C4,55,295736,66380,3,839
1686,294897,66192,57,A3,53,295727,66378,26,830
1687,294897,66192,62,D4,31,295727,66378,15,830
1688,294915,66196,66,F#4,74,295026,66221,66,112
1689,295156,66250,74,D5,59,295535,66335,29,379
1690,295598,66349,72,C5,65,295906,66418,52,308
1691,295915,66420,71,B4,65,298576,67016,56,2661
1692,296544,66561,62,D4,56,296817,66622,15,272
1693,296544,66561,59,B3,59,296817,66622,15,272
1694,296558,66564,66,F#4,57,296866,66633,29,308
1695,296558,66564,55,G3,44,296875,66635,26,317
1696,297276,66725,59,B3,60,297428,66759,41,152
1697,297285,66727,56,G#3,54,297428,66759,33,143
1698,297285,66727,66,F#4,56,297468,66768,53,183
1699,297285,66727,62,D4,57,297437,66761,42,152
1700,297299,66730,55,G3,63,297446,66763,39,147
1701,297665,66812,62,D4,56,298147,66920,37,482
1702,297674,66814,55,G3,56,298138,66918,42,464
1703,297678,66815,59,B3,65,298125,66915,35,446
1704,297687,66817,64,E4,39,298156,66922,44,469
1705,298348,66965,55,G3,64,299509,67225,44,1161
1706,298348,66965,64,E4,56,299518,67227,39,1170
1707,298348,66965,62,D4,57,299549,67234,31,1201
1708,298357,66967,59,B3,65,299544,67233,28,1187
1709,298718,67048,72,C5,81,298897,67088,23,179
1710,298718,67048,71,B4,83,299013,67114,31,295
1711,299098,67133,70,A#4,58,299259,67169,41,161
1712,299276,67173,71,B4,68,299625,67251,53,348
1713,299285,67175,70,A#4,37,299317,67182,33,31
1714,299607,67247,72,C5,66,300678,67487,52,1071
1715,300178,67375,54,F#3,61,300647,67480,36,469
1716,300178,67375,64,E4,61,300665,67484,39,487
1717,300178,67375,60,C4,66,300634,67477,36,455
1718,300187,67377,57,A3,64,300625,67475,23,437
1719,300625,67475,69,A4,63,301477,67666,37,853
1720,300875,67531,54,F#3,58,301098,67581,39,223
1721,300884,67533,64,E4,58,301085,67578,36,201
1722,300888,67534,57,A3,60,301067,67574,33,179
1723,300888,67534,60,C4,61,301076,67576,41,187
1724,301406,67650,63,D#4,53,302875,67979,31,1469
1725,301406,67650,54,F#3,56,302897,67984,36,1491
1726,301415,67652,66,F#4,56,302245,67838,60,830
1727,301415,67652,59,B3,63,302875,67979,13,1460
1728,301415,67652,57,A3,57,302848,67973,5,1433
1729,302406,67874,72,C5,90,302696,67939,49,290
1730,302745,67950,74,D5,70,303067,68022,29,321
1731,303174,68046,72,C5,79,303366,68089,23,192
1732,303357,68087,71,B4,67,306495,68790,55,3138
1733,303687,68161,55,G3,66,304085,68250,23,397
1734,303687,68161,52,E3,59,304116,68257,33,429
1735,303687,68161,59,B3,68,304044,68241,49,357
1736,303692,68162,62,D4,64,304098,68253,48,406
1737,304335,68306,57,A3,64,304768,68403,26,433
1738,304335,68306,55,G3,63,304759,68401,19,424
1739,304335,68306,61,C#4,68,304759,68401,36,424
1740,304335,68306,52,E3,63,304799,68410,35,464
1741,305294,68521,57,A3,57,305638,68598,36,344
1742,305299,68522,60,C4,56,305647,68600,44,348
1743,305299,68522,50,D3,57,305638,68598,23,339
1744,305308,68524,53,F3,62,305647,68600,28,339
1745,305848,68645,74,D5,5,306294,68745,5,446
1746,305995,68678,50,D3,41,306665,68828,19,670
1747,306004,68680,55,G3,59,306665,68828,31,661
1748,306009,68681,59,B3,35,306696,68835,13,687
1749,306018,68683,53,F3,59,306678,68831,26,661
1750,306736,68844,69,A4,127,306955,68893,56,219
1751,307285,68967,69,A4,127,308549,69250,59,1263
1752,307799,69082,54,F#3,57,308718,69288,36,920
1753,307799,69082,64,E4,59,308736,69292,35,937
1754,307799,69082,60,C4,65,308705,69285,36,906
1755,307799,69082,57,A3,65,308687,69281,3,888
1756,308768,69299,67,G4,127,309227,69402,28,460
1757,308955,69341,54,F#3,57,309044,69361,53,89
1758,308968,69344,60,C4,63,309035,69359,46,67
1759,309205,69397,66,F#4,62,310085,69594,36,879
1760,309205,69397,54,F#3,58,310509,69689,37,1304
1761,309227,69402,57,A3,59,310464,69679,5,1237
1762,309227,69402,59,B3,67,310446,69675,23,1219
1763,309227,69402,63,D#4,60,310245,69630,41,1018
1764,310227,69626,67,G4,63,310625,69715,37,397
1765,310687,69729,59,B3,64,310848,69765,59,161
1766,311026,69805,64,E4,64,311808,69980,36,781
1767,311085,69818,52,E3,50,311986,70020,26,902
1768,311736,69964,59,B3,60,312107,70047,3,371
1769,311875,69995,62,D4,59,311986,70020,63,112
1770,312098,70045,64,E4,68,312214,70071,59,116
1771,312236,70076,71,B4,44,312375,70107,53,138
1772,312326,70096,74,D5,60,312460,70126,61,134
1773,312406,70114,76,E5,57,312495,70134,63,89
1774,312464,70127,79,G5,59,312526,70141,57,62
1775,312495,70134,64,E4,29,312607,70159,54,112
1776,312567,70150,71,B4,49,312696,70179,59,129
1777,312705,70181,64,E4,77,312866,70217,54,161
1778,312776,70197,71,B4,83,312906,70226,60,129
1779,312785,70199,83,B5,55,314187,70513,52,1402
1780,312866,70217,86,D6,47,314147,70504,28,1281
1781,312946,70235,88,E6,57,314165,70508,5,1219
1782,313035,70255,91,G6,75,314098,70493,39,1062
1783,314535,70591,64,E4,70,314848,70661,54,312
1784,314768,70643,66,F#4,67,314964,70687,57,196
1785,315018,70699,67,G4,77,315259,70753,29,241
1786,315366,70777,72,C5,58,318366,71449,29,3000
1787,316076,70936,57,A3,39,316446,71019,36,371
1788,316156,70954,60,C4,31,316446,71019,21,290
1789,316165,70956,64,E4,44,316406,71010,50,241
1790,316227,70970,67,G4,42,316428,71015,57,201
1791,316799,71098,66,F#4,47,316946,71131,64,147
1792,316799,71098,57,A3,44,316977,71138,59,179
1793,316803,71099,60,C4,36,316946,71131,41,143
1794,316848,71109,62,D4,28,316946,71131,36,98
1795,317308,71212,50,D3,53,318977,71586,48,1670
1796,318518,71483,62,D4,70,318759,71537,31,241
1797,318705,71525,64,E4,70,318897,71568,26,192
1798,318915,71572,66,F#4,59,319076,71608,47,161
1799,319178,71631,71,B4,41,322285,72327,49,3107
1800,319696,71747,66,F#4,44,320326,71888,35,629
1801,319696,71747,55,G3,33,320326,71888,17,629
1802,319727,71754,59,B3,58,320245,71870,5,518
1803,319736,71756,62,D4,46,320245,71870,5,509
1804,320625,71955,66,F#4,47,320776,71989,53,152
1805,320625,71955,59,B3,50,320768,71987,44,143
1806,320647,71960,62,D4,44,320745,71982,41,98
1807,320647,71960,55,G3,59,320799,71994,36,152
1808,321138,72070,62,D4,17,322187,72305,44,1049
1809,321147,72072,55,G3,29,323147,72520,21,2000
1810,321165,72076,64,E4,15,322178,72303,47,1013
1811,321178,72079,59,B3,29,322299,72330,26,1121
1812,322437,72361,60,C4,77,322705,72421,36,268
1813,322656,72410,62,D4,68,322834,72450,42,179
1814,322875,72459,64,E4,63,323196,72531,17,321
1815,323276,72549,69,A4,36,326116,73185,53,2839
1816,323776,72661,54,F#3,36,324768,72883,36,991
1817,324147,72744,60,C4,49,324718,72872,31,571
1818,324156,72746,64,E4,47,324718,72872,23,562
1819,324156,72746,57,A3,46,324727,72874,9,571
1820,325067,72950,63,D#4,47,325259,72993,47,192
1821,325067,72950,54,F#3,36,325317,73006,35,250
1822,325076,72952,59,B3,59,325236,72988,44,161
1823,325076,72952,57,A3,52,325245,72990,39,170
1824,326227,73210,69,A4,64,326486,73268,52,259
1825,326607,73295,69,A4,67,326857,73351,39,250
1826,326834,73346,67,G4,54,327018,73387,33,183
1827,327009,73385,66,F#4,50,327567,73510,56,558
1828,327535,73503,64,E4,56,327817,73566,41,281
1829,327768,73555,66,F#4,59,328455,73709,44,687
1830,328049,73618,52,E3,47,328754,73776,53,705
1831,328254,73664,59,B3,56,328745,73774,3,491
1832,328415,73700,62,D4,52,328674,73758,35,259
1833,328598,73741,64,E4,53,328794,73785,35,196
1834,328727,73770,66,F#4,61,329009,73833,82,281
1835,329116,73857,64,E4,58,329299,73898,49,183
1836,329245,73886,71,B4,48,329406,73922,57,161
1837,329357,73911,76,E5,59,329468,73936,60,112
1838,329446,73931,79,G5,52,329477,73938,53,31
1839,329518,73947,64,E4,46,329687,73985,55,170
1840,329638,73974,71,B4,48,329768,74003,46,129
1841,329799,74010,64,E4,46,331410,74371,42,1612
1842,329848,74021,71,B4,59,331294,74345,26,1446
1843,329879,74028,83,B5,57,330705,74213,48,826
1844,329915,74036,88,E6,63,330638,74198,28,723
1845,330009,74057,90,F#6,76,330415,74148,23,406
1846,331317,74350,76,E5,72,331526,74397,28,210
1847,331455,74381,78,F#5,59,331598,74413,46,143
1848,331625,74419,79,G5,72,331776,74453,33,152
1849,331808,74460,84,C6,59,333187,74769,41,1379
1850,332125,74531,57,A3,33,332785,74679,57,661
1851,332611,74640,64,E4,29,332776,74677,58,165
1852,332625,74643,67,G4,47,332768,74675,60,143
1853,332625,74643,60,C4,35,332799,74682,59,174
1854,333044,74737,50,D3,63,333268,74787,50,223
1855,333196,74771,57,A3,62,333352,74806,68,156
1856,333334,74802,62,D4,47,333526,74845,49,192
1857,333495,74838,66,F#4,72,335084,75194,59,1589
1858,333638,74870,69,A4,60,334366,75033,42,728
1859,333647,74872,74,D5,60,334406,75042,36,759
1860,333705,74885,78,F#5,79,334384,75037,11,679
1861,334696,75107,74,D5,108,334977,75170,29,281
1862,334946,75163,76,E5,64,335125,75203,26,179
1863,335107,75199,78,F#5,70,335437,75273,39,330
1864,335518,75291,74,D5,65,336334,75474,31,817
1865,335526,75293,79,G5,67,336348,75477,29,821
1866,335526,75293,71,B4,64,336049,75410,33,522
1867,335607,75311,55,G3,58,336745,75566,50,1138
1868,336004,75400,62,D4,65,336375,75483,60,371
1869,336334,75474,67,G4,62,336625,75539,44,290
1870,336348,75477,65,F4,60,336366,75481,63,18
1871,336495,75510,62,D4,63,336718,75560,53,223
1872,336794,75577,74,D5,59,336897,75600,67,103
1873,336808,75580,71,B4,65,336915,75604,57,107
1874,337026,75629,48,C3,57,339004,76072,3,1978
1875,337174,75662,55,G3,68,339049,76082,35,1875
1876,337308,75692,60,C4,67,338888,76046,28,1580
1877,337437,75721,67,G4,55,338366,75929,36,929
1878,337437,75721,71,B4,35,338334,75922,29,897
1879,337495,75734,72,C5,59,338384,75933,3,888
1880,337535,75743,76,E5,67,338415,75940,3,879
1881,338509,75961,71,B4,90,338526,75965,66,18
1882,338509,75961,72,C5,90,338826,76032,55,317
1883,338776,76021,74,D5,63,338964,76063,19,187
1884,338937,76057,76,E5,77,339107,76095,66,170
1885,338968,76064,60,C4,58,339125,76099,56,156
1886,339424,76166,73,C#5,78,340187,76337,60,763
1887,339428,76167,81,A5,68,340174,76334,23,746
1888,339875,76267,54,F#3,60,340736,76460,44,862
1889,340196,76339,60,C4,67,340665,76444,41,469
1890,340348,76373,66,F#4,78,340718,76456,46,371
1891,340665,76444,69,A4,63,340866,76489,36,201
1892,340678,76447,72,C5,73,340817,76478,49,138
1893,340678,76447,78,F#5,93,340866,76489,47,187
1894,340848,76485,60,C4,62,340977,76514,54,129
1895,340857,76487,54,F#3,62,341018,76523,57,161
1896,340857,76487,66,F#4,62,340937,76505,60,80
1897,341187,76561,78,F#5,66,341906,76722,19,719
1898,341196,76563,69,A4,77,342018,76747,28,821
1899,341196,76563,75,D#5,62,342026,76749,35,830
1900,341259,76577,48,C3,57,341388,76606,48,129
1901,341272,76580,59,B3,52,341317,76590,59,45
1902,341875,76715,59,B3,67,342808,76924,36,933
1903,342187,76785,69,A4,86,342285,76807,50,98
1904,342334,76818,79,G5,60,342584,76874,21,250
1905,342348,76821,69,A4,53,342656,76890,48,308
1906,342366,76825,71,B4,56,342437,76841,17,71
1907,342848,76933,79,G5,127,343125,76995,62,277
1908,343326,77040,78,F#5,127,343455,77069,57,129
1909,343334,77042,79,G5,86,343455,77069,57,121
1910,343334,77042,80,G#5,88,343446,77067,36,112
1911,343495,77078,64,E4,37,343558,77092,35,62
1912,343665,77116,78,F#5,88,343776,77141,60,112
1913,343727,77130,52,E3,60,344616,77329,36,888
1914,343736,77132,64,E4,50,344232,77243,67,496
1915,343768,77139,79,G5,81,343906,77170,39,138
1916,343817,77150,78,F#5,82,344107,77215,57,290
1917,344107,77215,76,E5,64,344259,77249,53,152
1918,344317,77262,71,B4,65,344526,77309,35,210
1919,344656,77338,74,D5,90,344768,77363,54,112
1920,344665,77340,71,B4,101,344759,77361,53,94
1921,344665,77340,75,D#5,74,344776,77365,76,112
1922,344826,77376,52,E3,68,345196,77459,46,371
1923,344826,77376,64,E4,57,345187,77457,41,362
1924,345165,77452,76,E5,101,345334,77490,49,170
1925,345165,77452,74,D5,127,345317,77486,44,152
1926,345178,77455,71,B4,127,345276,77477,70,98
1927,345357,77495,52,E3,63,345656,77562,36,299
1928,345366,77497,64,E4,59,345665,77564,49,299
1929,345375,77499,62,D4,57,345406,77506,36,31
1930,345674,77566,78,F#5,70,346018,77643,47,344
1931,345687,77569,71,B4,117,346009,77641,49,321
1932,345848,77605,52,E3,65,346196,77683,39,348
1933,345857,77607,64,E4,63,346196,77683,46,339
1934,346156,77674,76,E5,66,346308,77708,36,152
1935,346178,77679,71,B4,67,346254,77696,50,76
1936,346317,77710,78,F#5,117,346616,77777,36,299
1937,346317,77710,71,B4,69,346549,77762,33,232
1938,346317,77710,52,E3,66,346678,77791,41,362
1939,346334,77714,64,E4,60,346727,77802,31,393
1940,346665,77788,79,G5,75,346794,77817,46,129
1941,346687,77793,71,B4,48,346768,77811,50,80
1942,346826,77824,78,F#5,84,347125,77891,36,299
1943,346826,77824,71,B4,50,347067,77878,35,241
1944,346834,77826,52,E3,46,347026,77869,44,192
1945,346848,77829,64,E4,53,347084,77882,52,237
1946,347165,77900,76,E5,65,347375,77947,28,210
1947,347357,77943,78,F#5,68,349308,78380,33,1951
1948,347906,78066,58,A#3,31,347964,78079,117,58
1949,347906,78066,66,F#4,57,348076,78104,36,170
1950,347915,78068,54,F#3,66,348098,78109,53,183
1951,347964,78079,57,A3,117,347986,78084,72,22
1952,348678,78239,54,F#3,60,348857,78279,39,179
1953,348696,78243,60,C4,66,348826,78272,52,129
1954,348696,78243,64,E4,70,348834,78274,55,138
1955,348696,78243,57,A3,65,348834,78274,44,138
1956,349218,78360,54,F#3,62,350785,78711,36,1567
1957,349236,78364,57,A3,67,350759,78705,5,1522
1958,349236,78364,63,D#4,76,350776,78709,35,1540
1959,349236,78364,59,B3,73,350705,78693,5,1469
1960,349888,78510,71,B4,101,350084,78554,35,196
1961,350218,78584,71,B4,83,350334,78610,37,116
1962,350366,78617,78,F#5,62,350647,78680,41,281
1963,350696,78691,76,E5,68,350893,78735,54,196
1964,350866,78729,78,F#5,62,351205,78805,44,339
1965,351214,78807,79,G5,73,352049,78994,5,835
1966,351366,78841,52,E3,64,354897,79632,44,3531
1967,351857,78951,55,G3,70,353464,79311,5,1607
1968,351888,78958,62,D4,59,351955,78973,57,67
1969,352147,79016,59,B3,65,353468,79312,26,1321
1970,352357,79063,62,D4,81,353348,79285,36,991
1971,352638,79126,71,B4,63,353084,79226,39,446
1972,352857,79175,78,F#5,66,353134,79237,44,277
1973,353205,79253,76,E5,67,353817,79390,55,612
1974,353834,79394,59,B3,67,354888,79630,33,1054
1975,353834,79394,55,G3,67,354875,79627,17,1040
1976,353848,79397,62,D4,72,354928,79639,44,1080
1977,353928,79415,78,F#5,58,353986,79428,36,58
1978,354187,79473,78,F#5,93,354375,79515,58,187
1979,354656,79578,78,F#5,108,354745,79598,53,89
1980,354665,79580,79,G5,68,354937,79641,53,272
1981,354848,79621,78,F#5,117,355134,79685,36,286
1982,355174,79694,79,G5,67,355357,79735,56,183
1983,355357,79735,81,A5,101,357495,80214,37,2138
1984,355852,79846,64,E4,68,356428,79975,36,576
1985,355857,79847,60,C4,67,356437,79977,11,580
1986,355857,79847,57,A3,65,356446,79979,46,589
1987,355866,79849,67,G4,67,356446,79979,33,580
1988,356696,80035,57,A3,62,356897,80080,42,201
1989,356696,80035,64,E4,59,356848,80069,62,152
1990,356718,80040,67,G4,64,356866,80073,49,147
1991,356718,80040,60,C4,65,356857,80071,39,138
1992,357205,80149,57,A3,68,357696,80259,31,491
1993,357205,80149,66,F#4,72,357714,80263,44,509
1994,357214,80151,62,D4,64,357678,80255,11,464
1995,357214,80151,60,C4,65,357665,80252,3,451
1996,357406,80194,79,G5,3,357486,80212,35,80
1997,357727,80266,74,D5,117,357964,80319,44,237
1998,357875,80299,57,A3,65,359567,80678,26,1692
1999,357888,80302,66,F#4,66,359567,80678,36,1679
2000,357888,80302,60,C4,63,359567,80678,5,1679
2001,357897,80304,62,D4,67,359576,80680,19,1679
2002,358227,80378,74,D5,79,358299,80394,48,71
2003,358366,80409,74,D5,64,358678,80479,57,312
2004,358375,80411,86,D6,70,358607,80463,59,232
2005,358875,80523,73,C#5,70,358986,80548,49,112
2006,358888,80526,85,C#6,84,359009,80553,74,121
2007,358897,80528,72,C5,53,358977,80546,53,80
2008,358906,80530,74,D5,37,358968,80544,26,62
2009,359285,80615,72,C5,64,359526,80669,56,241
2010,359308,80620,84,C6,127,359477,80658,50,170
2011,359736,80716,83,B5,70,362026,81229,23,2290
2012,359745,80718,71,B4,108,361977,81218,47,2232
2013,359906,80754,59,B3,65,360098,80797,19,192
2014,359906,80754,56,G#3,62,360116,80801,36,210
2015,359906,80754,65,F4,50,360116,80801,39,210
2016,359915,80756,62,D4,42,360098,80797,19,183
2017,360736,80940,61,C#4,58,360808,80956,36,71
2018,360745,80942,64,E4,58,360866,80969,55,121
2019,360754,80944,58,A#3,53,360866,80969,56,112
2020,360776,80949,53,F3,29,360857,80967,28,80
2021,360785,80951,62,D4,73,360817,80958,59,31
2022,361495,81110,63,D#4,60,361888,81198,37,393
2023,361509,81113,59,B3,59,361767,81171,3,259
2024,361526,81117,57,A3,33,361808,81180,5,281
2025,361535,81119,54,F#3,36,361906,81202,28,371
2026,362044,81233,59,B3,66,362227,81274,21,183
2027,362049,81234,63,D#4,60,362267,81283,39,219
2028,362049,81234,54,F#3,60,362245,81278,36,196
2029,362058,81236,57,A3,64,362205,81269,35,147
2030,362406,81314,74,D5,70,362607,81359,52,201
2031,362415,81316,86,D6,69,362567,81350,58,152
2032,362834,81410,82,A#5,67,362897,81424,29,62
2033,363049,81458,71,B4,57,363156,81482,60,107
2034,363084,81466,83,B5,53,363165,81484,57,80
2035,363299,81514,69,A4,79,363366,81529,60,67
2036,363299,81514,81,A5,70,363397,81536,58,98
2037,363647,81592,83,B5,101,363794,81625,56,147
2038,363647,81592,71,B4,86,363759,81617,44,112
2039,363656,81594,72,C5,94,363727,81610,35,71
2040,363906,81650,82,A#5,63,363928,81655,57,22
2041,364017,81675,72,C5,68,364977,81890,54,960
2042,364017,81675,84,C6,70,364955,81885,55,937
2043,364388,81758,54,F#3,60,364638,81814,36,250
2044,364397,81760,64,E4,63,364687,81825,21,290
2045,364397,81760,57,A3,64,364625,81811,9,228
2046,364397,81760,60,C4,62,364638,81814,17,241
2047,365116,81921,83,B5,72,365509,82009,53,393
2048,365116,81921,71,B4,70,365535,82015,58,420
2049,365125,81923,72,C5,63,365187,81937,19,62
2050,365656,82042,81,A5,69,365834,82082,37,179
2051,365656,82042,69,A4,101,366116,82145,19,460
2052,365656,82042,79,G5,69,365826,82080,36,170
2053,366084,82138,54,F#3,41,366236,82172,47,152
2054,366107,82143,60,C4,64,366218,82168,59,112
2055,366107,82143,64,E4,64,366218,82168,60,112
2056,366116,82145,57,A3,60,366236,82172,46,121
2057,366477,82226,54,F#3,64,368317,82638,35,1839
2058,366486,82228,59,B3,75,368308,82636,3,1821
2059,366486,82228,78,F#5,70,366986,82340,28,500
2060,366486,82228,63,D#4,63,368259,82625,36,1772
2061,366495,82230,66,F#4,88,366924,82326,64,429
2062,366509,82233,57,A3,64,368299,82634,3,1790
2063,367196,82387,72,C5,90,367687,82497,65,491
2064,367196,82387,84,C6,72,367656,82490,9,460
2065,367214,82391,78,F#5,47,367236,82396,52,22
2066,367218,82392,83,B5,60,367236,82396,53,18
2067,367937,82553,74,D5,65,368098,82589,37,161
2068,367937,82553,86,D6,69,368067,82582,57,129
2069,368384,82653,84,C6,60,368468,82672,60,85
2070,368397,82656,72,C5,61,368477,82674,62,80
2071,368647,82712,71,B4,52,368678,82719,42,31
2072,368817,82750,71,B4,67,371517,83355,3,2701
2073,368817,82750,83,B5,77,371428,83335,21,2612
2074,369026,82797,59,B3,64,369267,82851,46,241
2075,369035,82799,55,G3,66,369308,82860,33,272
2076,369035,82799,52,E3,65,369317,82862,31,281
2077,369049,82802,62,D4,61,369308,82860,42,259
2078,369526,82909,55,G3,65,369986,83012,17,460
2079,369535,82911,57,A3,60,369986,83012,36,451
2080,369535,82911,52,E3,58,370035,83023,39,500
2081,369558,82916,61,C#4,59,369986,83012,36,429
2082,370049,83026,81,A5,5,371406,83330,5,1357
2083,370468,83120,57,A3,64,370656,83162,41,187
2084,370477,83122,50,D3,64,370665,83164,35,187
2085,370477,83122,53,F3,64,370678,83167,33,201
2086,370477,83122,60,C4,64,370656,83162,44,179
2087,371236,83292,50,D3,59,371968,83456,39,732
2088,371245,83294,55,G3,67,371937,83449,29,692
2089,371245,83294,59,B3,60,371986,83460,33,741
2090,371245,83294,53,F3,64,371946,83451,19,701
2091,371906,83442,81,A5,68,372058,83476,55,152
2092,371906,83442,69,A4,94,372004,83464,59,98
2093,371928,83447,79,G5,60,371964,83455,47,36
2094,372415,83556,54,F#3,62,373977,83906,36,1562
2095,372428,83559,64,E4,67,373968,83904,35,1540
2096,372428,83559,60,C4,68,373897,83888,36,1469
2097,372428,83559,57,A3,67,373897,83888,5,1469
2098,372437,83561,81,A5,68,372986,83684,5,549
2099,372446,83563,69,A4,101,373035,83695,7,589
2100,372477,83570,79,G5,59,372495,83574,50,18
2101,373406,83778,78,F#5,79,373576,83816,60,170
2102,373415,83780,66,F#4,84,373526,83805,82,112
2103,373897,83888,81,A5,79,374049,83922,57,152
2104,373906,83890,69,A4,108,374009,83913,57,103
2105,373915,83892,73,C#5,62,373946,83899,59,31
2106,373928,83895,74,D5,62,373946,83899,55,18
2107,373928,83895,77,F5,57,373955,83901,52,27
2108,374375,83995,54,F#3,55,376245,84414,36,1871
2109,374388,83998,63,D#4,58,375964,84351,36,1576
2110,374406,84002,57,A3,53,376187,84401,5,1781
2111,374406,84002,67,G4,61,374517,84027,63,112
2112,374415,84004,59,B3,57,376227,84410,5,1812
2113,374437,84009,81,A5,83,374584,84042,56,147
2114,374437,84009,69,A4,36,374517,84027,57,80
2115,374446,84011,79,G5,72,374558,84036,31,112
2116,374915,84116,69,A4,72,375049,84146,58,134
2117,374915,84116,67,G4,77,374995,84134,79,80
2118,374964,84127,81,A5,73,375156,84170,49,192
2119,374968,84128,79,G5,65,375035,84143,19,67
2120,375446,84235,69,A4,63,375687,84289,53,241
2121,375468,84240,81,A5,90,375665,84284,61,196
2122,375834,84322,79,G5,72,376009,84361,57,174
2123,375857,84327,67,G4,94,375995,84358,35,138
2124,376357,84439,76,E5,68,377058,84596,13,701
2125,376357,84439,64,E4,67,376995,84582,37,638
2126,376848,84549,52,E3,72,377236,84636,47,388
2127,376995,84582,59,B3,69,377236,84636,53,241
2128,377165,84620,62,D4,64,377267,84643,63,103
2129,377308,84652,62,D4,69,377455,84685,57,147
2130,377410,84675,64,E4,63,377526,84701,62,116
2131,377526,84701,66,F#4,53,377549,84706,74,22
2132,377638,84726,64,E4,54,377817,84766,57,179
2133,377776,84757,71,B4,60,377897,84784,50,121
2134,377897,84784,74,D5,39,377986,84804,59,89
2135,377915,84788,64,E4,64,378116,84833,52,201
2136,377955,84797,76,E5,39,378026,84813,48,71
2137,378058,84820,71,B4,53,378397,84896,33,339
2138,378196,84851,64,E4,42,378455,84909,31,259
2139,378259,84865,74,D5,55,378428,84903,57,170
2140,378276,84869,76,E5,44,378388,84894,57,112
2141,378334,84882,83,B5,31,378785,84983,5,451
2142,378366,84889,86,D6,53,378576,84936,44,210
2143,378468,84912,88,E6,35,378736,84972,3,268
2144,378504,84920,91,G6,73,378727,84970,42,223
2145,379245,85086,77,F5,59,379299,85098,33,54
2146,379245,85086,76,E5,63,379607,85167,15,362
2147,379245,85086,88,E6,60,379455,85133,35,210
2148,379794,85209,78,F#5,67,379866,85225,56,71
2149,379924,85238,89,F6,49,380009,85257,36,85
2150,379924,85238,79,G5,59,379995,85254,44,71
2151,379937,85241,91,G6,44,379986,85252,42,49
2152,380446,85355,81,A5,75,380598,85389,35,152
2153,380464,85359,73,C#5,58,380567,85382,42,103
2154,380477,85362,57,A3,44,380638,85398,35,161
2155,380897,85456,57,A3,50,381049,85490,41,152
2156,380915,85460,76,E5,66,381009,85481,53,94
2157,380915,85460,64,E4,66,381058,85492,44,143
2158,380928,85463,81,A5,67,381026,85485,48,98
2159,380928,85463,69,A4,56,381026,85485,57,98
2160,380928,85463,73,C#5,60,381009,85481,56,80
2161,381477,85586,57,A3,23,381558,85604,35,80
2162,381477,85586,64,E4,49,381576,85608,37,98
2163,381776,85653,81,A5,70,381843,85668,56,67
2164,381937,85689,64,E4,67,382017,85707,64,80
2165,381937,85689,57,A3,65,382035,85711,69,98
2166,382317,85774,78,F#5,68,382656,85850,52,339
2167,382326,85776,69,A4,86,382857,85895,29,531
2168,382326,85776,72,C5,63,382785,85879,28,460
2169,382339,85779,50,D3,50,382727,85866,39,388
2170,382348,85781,74,D5,63,382794,85881,24,446
2171,382808,85884,57,A3,68,383267,85987,28,460
2172,382986,85924,62,D4,72,383326,86000,53,339
2173,383321,85999,69,A4,127,383517,86043,21,196
2174,383486,86036,72,C5,77,383678,86079,36,192
2175,383799,86106,74,D5,73,383968,86144,56,170
2176,383986,86148,62,D4,68,384116,86177,64,129
2177,384285,86215,78,F#5,53,384388,86238,72,103
2178,384437,86249,75,D#5,55,384468,86256,48,31
2179,384446,86251,71,B4,35,384656,86298,36,210
2180,384468,86256,55,G3,66,384834,86338,36,366
2181,384468,86256,67,G4,61,384504,86264,108,36
2182,384477,86258,79,G5,59,384834,86338,5,357
2183,384486,86260,74,D5,35,384665,86300,42,179
2184,384955,86365,79,G5,75,385267,86435,37,312
2185,384964,86367,71,B4,77,385236,86428,36,272
2186,384986,86372,55,G3,53,385098,86397,36,112
2187,385017,86379,65,F4,36,385076,86392,35,58
2188,385285,86439,55,G3,67,385955,86589,52,670
2189,385299,86442,62,D4,65,385776,86549,28,478
2190,385504,86488,79,G5,86,385785,86551,33,281
2191,385517,86491,71,B4,90,385857,86567,29,339
2192,385785,86551,65,F4,60,385857,86567,23,71
2193,385785,86551,67,G4,64,385897,86576,65,112
2194,385995,86598,78,F#5,60,386098,86621,74,103
2195,386205,86645,73,C#5,70,386259,86657,26,54
2196,386334,86674,70,A#4,67,386584,86730,54,250
2197,386334,86674,72,C5,61,387107,86847,28,772
2198,386334,86674,76,E5,68,387084,86842,21,750
2199,386348,86677,67,G4,62,386727,86762,36,379
2200,386366,86681,48,C3,65,386986,86820,49,621
2201,386607,86735,71,B4,56,386776,86773,15,170
2202,386817,86782,71,B4,53,387058,86836,33,241
2203,386817,86782,67,G4,64,387026,86829,33,210
2204,386933,86808,55,G3,60,387205,86869,36,272
2205,387107,86847,60,C4,73,387495,86934,36,388
2206,387397,86912,76,E5,75,387736,86988,36,339
2207,387397,86912,72,C5,67,387696,86979,7,299
2208,387406,86914,71,B4,68,387727,86986,42,321
2209,387406,86914,67,G4,94,387727,86986,36,321
2210,387888,87022,74,D5,77,387991,87045,63,103
2211,387888,87022,67,G4,83,387968,87040,64,80
2212,387906,87026,71,B4,60,387928,87031,66,22
2213,388044,87057,74,D5,94,388334,87122,57,290
2214,388058,87060,67,G4,86,388254,87104,31,196
2215,388084,87066,60,C4,72,388218,87096,59,134
2216,388388,87134,72,C5,65,388526,87165,46,138
2217,388415,87140,71,B4,37,388509,87161,33,94
2218,388567,87174,54,F#3,63,388817,87230,36,250
2219,388576,87176,57,A3,66,388834,87234,29,259
2220,388576,87176,64,E4,64,388875,87243,31,299
2221,388576,87176,60,C4,66,388866,87241,35,290
2222,388584,87178,76,E5,101,389517,87387,33,933
2223,388598,87181,67,G4,81,389317,87342,33,719
2224,389084,87290,54,F#3,67,390017,87499,36,933
2225,389116,87297,64,E4,75,389334,87346,35,219
2226,389147,87304,57,A3,57,389218,87320,35,71
2227,389428,87367,57,A3,94,389884,87469,5,455
2228,389598,87405,60,C4,86,389924,87478,37,326
2229,389656,87418,64,E4,60,389937,87481,36,281
2230,389937,87481,76,E5,77,390076,87512,58,138
2231,389937,87481,67,G4,72,390017,87499,67,80
2232,390134,87525,63,D#4,88,390276,87557,49,143
2233,390138,87526,54,F#3,36,390187,87537,58,49
2234,390437,87593,78,F#5,41,391017,87723,59,580
2235,390437,87593,54,F#3,60,392084,87962,36,1647
2236,390446,87595,63,D#4,72,390848,87685,36,402
2237,390446,87595,59,B3,69,390857,87687,17,411
2238,390446,87595,75,D#5,64,391035,87727,36,589
2239,390455,87597,57,A3,65,390857,87687,5,402
2240,390455,87597,69,A4,127,391058,87732,36,603
2241,391196,87763,63,D#4,99,392067,87958,36,871
2242,391196,87763,59,B3,72,392026,87949,3,830
2243,391201,87764,57,A3,59,392017,87947,5,817
2244,391477,87826,78,F#5,64,391567,87846,61,89
2245,391687,87873,78,F#5,127,391955,87933,44,268
2246,392022,87948,79,G5,70,392259,88001,33,237
2247,392187,87985,78,F#5,44,392317,88014,36,129
2248,392187,87985,77,F5,94,392334,88018,33,147
2249,392227,87994,62,D4,47,392267,88003,41,40
2250,392477,88050,76,E5,65,392607,88079,59,129
2251,392714,88103,76,E5,73,392817,88126,44,103
2252,392718,88104,52,E3,64,393196,88211,50,478
2253,392718,88104,74,D5,58,392745,88110,57,27
2254,392718,88104,77,F5,75,392736,88108,58,18
2255,392745,88110,78,F#5,82,393067,88182,56,321
2256,393236,88220,59,B3,53,393625,88307,3,388
2257,393241,88221,78,F#5,74,393468,88272,47,228
2258,393245,88222,76,E5,36,393455,88269,31,210
2259,393276,88229,52,E3,67,393584,88298,36,308
2260,393732,88331,52,E3,66,394098,88413,47,366
2261,393754,88336,64,E4,65,394098,88413,42,344
2262,393759,88337,78,F#5,74,394026,88397,36,268
2263,393759,88337,62,D4,61,393785,88343,44,27
2264,393767,88339,76,E5,41,393825,88352,41,58
2265,394116,88417,76,E5,70,394227,88442,66,112
2266,394308,88460,52,E3,61,394535,88511,36,228
2267,394317,88462,64,E4,60,394535,88511,33,219
2268,394656,88538,78,F#5,79,394897,88592,41,241
2269,394834,88578,52,E3,58,395134,88645,37,299
2270,394848,88581,59,B3,64,395147,88648,36,299
2271,394866,88585,64,E4,60,395134,88645,58,268
2272,395205,88661,78,F#5,79,395388,88702,54,183
2273,395357,88695,52,E3,65,395549,88738,36,192
2274,395366,88697,59,B3,77,395526,88733,46,161
2275,395366,88697,62,D4,75,395526,88733,49,161
2276,395718,88776,76,E5,67,395825,88800,52,107
2277,395888,88814,52,E3,66,396205,88885,35,317
2278,395888,88814,78,F#5,127,396165,88876,36,277
2279,395888,88814,62,D4,67,396227,88890,39,339
2280,395888,88814,59,B3,77,396218,88888,36,330
2281,396227,88890,79,G5,69,396437,88937,59,210
2282,396384,88925,52,E3,65,396625,88979,53,241
2283,396397,88928,78,F#5,127,396634,88981,57,237
2284,396397,88928,59,B3,72,396638,88982,52,241
2285,396406,88930,62,D4,67,396665,88988,39,259
2286,396714,88999,76,E5,48,396825,89024,58,112
2287,396915,89044,79,G5,68,397049,89074,59,134
2288,396915,89044,57,A3,62,397227,89114,29,312
2289,396937,89049,60,C4,60,397205,89109,21,268
2290,396937,89049,64,E4,60,397236,89116,35,299
2291,396946,89051,67,G4,72,397272,89124,37,326
2292,396986,89060,81,A5,68,397348,89141,5,362
2293,397455,89165,57,A3,65,398134,89317,17,679
2294,397857,89255,60,C4,68,398009,89289,52,152
2295,397866,89257,64,E4,65,397946,89275,44,80
2296,398017,89291,69,A4,86,398299,89354,13,281
2297,398026,89293,71,B4,83,398205,89333,5,179
2298,398348,89365,73,C#5,76,398486,89396,62,138
2299,398544,89409,79,G5,75,398656,89434,65,112
2300,398906,89490,78,F#5,74,399509,89625,39,603
2301,398915,89492,72,C5,67,399486,89620,5,571
2302,398915,89492,69,A4,73,399616,89649,19,701
2303,398924,89494,62,D4,64,399397,89600,35,473
2304,398928,89495,74,D5,58,399477,89618,3,549
2305,398933,89496,52,E3,59,398986,89508,37,54
2306,398937,89497,64,E4,63,398955,89501,44,18
2307,398937,89497,50,D3,60,400035,89743,33,1098
2308,399455,89613,57,A3,59,399986,89732,23,531
2309,399638,89654,62,D4,73,399995,89734,47,357
2310,399647,89656,60,C4,72,399665,89660,79,18
2311,399986,89732,69,A4,77,400107,89759,63,121
2312,399986,89732,79,G5,72,400174,89774,55,187
2313,399986,89732,72,C5,65,400147,89768,44,161
2314,399995,89734,74,D5,61,400147,89768,52,152
2315,400495,89846,79,G5,64,400678,89887,59,183
2316,400495,89846,72,C5,49,400687,89889,53,192
2317,400509,89849,69,A4,62,400714,89895,41,205
2318,400517,89851,74,D5,57,400687,89889,56,170
2319,400665,89884,50,D3,57,400817,89918,67,152
2320,400687,89889,62,D4,68,400857,89927,53,170
2321,400799,89914,78,F#5,59,400817,89918,56,18
2322,400986,89956,78,F#5,68,401075,89976,74,89
2323,401165,89996,74,D5,66,401558,90084,5,393
2324,401165,89996,55,G3,60,401607,90095,36,442
2325,401178,89999,76,E5,75,401549,90082,44,371
2326,401187,90001,81,A5,64,401584,90090,44,397
2327,401187,90001,71,B4,81,401575,90088,57,388
2328,401196,90003,67,G4,62,401455,90061,42,259
2329,401205,90005,65,F4,56,401223,90009,64,18
2330,401705,90117,55,G3,64,402075,90200,42,371
2331,401709,90118,81,A5,65,401875,90155,56,165
2332,401727,90122,71,B4,86,401888,90158,44,161
2333,401727,90122,67,G4,68,401946,90171,50,219
2334,401727,90122,74,D5,63,401808,90140,44,80
2335,401995,90182,71,B4,56,402075,90200,36,80
2336,402245,90238,81,A5,72,402616,90321,33,371
2337,402259,90241,74,D5,69,402325,90256,48,67
2338,402259,90241,71,B4,90,402647,90328,36,388
2339,402544,90305,55,G3,59,402776,90357,42,232
2340,402567,90310,67,G4,66,402696,90339,72,129
2341,402567,90310,65,F4,66,402584,90314,58,18
2342,402767,90355,62,D4,68,402857,90375,108,89
2343,403125,90435,76,E5,63,403745,90574,31,621
2344,403125,90435,71,B4,62,403718,90568,13,594
2345,403125,90435,72,C5,61,403736,90572,19,612
2346,403138,90438,67,G4,68,403714,90567,46,576
2347,403138,90438,48,C3,61,403696,90563,53,558
2348,403147,90440,60,C4,60,403446,90507,3,299
2349,403147,90440,59,B3,59,403348,90485,3,201
2350,403656,90554,55,G3,73,403834,90594,60,179
2351,403808,90588,60,C4,68,403906,90610,63,98
2352,403817,90590,59,B3,65,403834,90594,60,18
2353,403937,90617,67,G4,90,404067,90646,63,129
2354,404098,90653,71,B4,57,404245,90686,44,147
2355,404165,90668,72,C5,39,404276,90693,57,112
2356,404334,90706,60,C4,54,405017,90859,39,683
2357,404388,90718,67,G4,62,404665,90780,52,277
2358,404616,90769,72,C5,58,404906,90834,65,290
2359,404785,90807,67,G4,39,404955,90845,29,170
2360,404817,90814,79,G5,68,405397,90944,35,580
2361,404888,90830,83,B5,66,405334,90930,36,446
2362,404977,90850,84,C6,35,405325,90928,29,348
2363,404986,90852,88,E6,86,405357,90935,41,371
2364,405334,90930,67,G4,66,405584,90986,13,250
2365,405558,90980,60,C4,101,405678,91007,61,121
2366,405616,90993,79,G5,37,405696,91011,28,80
2367,405906,91058,54,F#3,60,406049,91090,42,143
2368,405915,91060,66,F#4,68,406084,91098,47,170
2369,406116,91105,66,F#4,36,406156,91114,37,40
2370,406125,91107,54,F#3,93,407035,91311,53,911
2371,406477,91186,57,A3,64,406616,91217,36,138
2372,406526,91197,60,C4,57,406888,91278,35,362
2373,406665,91228,78,F#5,76,406977,91298,41,312
2374,406674,91230,72,C5,79,406808,91260,39,134
2375,406678,91231,66,F#4,82,407004,91304,36,326
2376,406678,91231,69,A4,86,406955,91293,33,277
2377,407075,91320,69,A4,68,407267,91363,35,192
2378,407084,91322,79,G5,86,407245,91358,52,161
2379,407098,91325,72,C5,39,407156,91338,39,58
2380,407098,91325,78,F#5,57,407116,91329,74,18
2381,407218,91352,54,F#3,64,407397,91392,63,179
2382,407227,91354,57,A3,62,407325,91376,41,98
2383,407227,91354,60,C4,60,407325,91376,39,98
2384,407227,91354,66,F#4,82,407325,91376,60,98
2385,407584,91434,78,F#5,82,408375,91611,41,790
2386,407607,91439,69,A4,70,408584,91658,3,978
2387,407607,91439,75,D#5,63,408477,91634,33,871
2388,407656,91450,50,D3,63,408009,91529,54,353
2389,408138,91558,48,C3,56,408334,91602,52,196
2390,408357,91607,59,B3,67,408727,91690,56,371
2391,408915,91732,78,F#5,63,409227,91802,33,312
2392,408933,91736,75,D#5,50,409125,91779,39,192
2393,408937,91737,69,A4,68,409147,91784,36,210
2394,408946,91739,59,B3,68,409267,91811,55,321
2395,409285,91815,79,G5,69,409415,91844,53,129
2396,409299,91818,69,A4,63,409388,91838,53,89
2397,409317,91822,75,D#5,57,409348,91829,57,31
2398,409446,91851,69,A4,59,409705,91909,36,259
2399,409446,91851,78,F#5,79,409759,91921,50,312
2400,409455,91853,59,B3,64,409678,91903,56,223
2401,409464,91855,75,D#5,61,409625,91891,41,161
2402,409794,91929,69,A4,58,409857,91943,53,62
2403,409799,91930,76,E5,72,409897,91952,54,98
2404,409968,91968,52,E3,64,410218,92024,44,250
2405,409977,91970,64,E4,55,410075,91992,117,98
2406,409977,91970,79,G5,94,410187,92017,39,210
2407,409977,91970,74,D5,58,410134,92005,36,156
2408,409986,91972,71,B4,72,410125,92003,31,138
2409,409986,91972,69,A4,68,410017,91979,68,31
2410,409986,91972,76,E5,101,410178,92015,36,192
2411,410500,92087,52,E3,64,410785,92151,28,286
2412,410509,92089,64,E4,62,410759,92145,35,250
2413,410517,92091,74,D5,73,410687,92129,41,170
2414,410517,92091,76,E5,75,410736,92140,49,219
2415,410522,92092,71,B4,94,410866,92169,5,344
2416,411026,92205,78,F#5,70,411325,92272,39,299
2417,411035,92207,74,D5,63,411116,92225,44,80
2418,411035,92207,52,E3,60,411406,92290,49,371
2419,411035,92207,71,B4,79,411276,92261,31,241
2420,411040,92208,64,E4,66,411317,92270,86,277
2421,411406,92290,71,B4,86,411549,92322,50,143
2422,411406,92290,78,F#5,99,411575,92328,54,170
2423,411437,92297,76,E5,68,411455,92301,65,18
2424,411575,92328,52,E3,68,411817,92382,39,241
2425,411598,92333,59,B3,67,411834,92386,33,237
2426,411598,92333,62,D4,67,411625,92339,57,27
2427,411598,92333,64,E4,67,411834,92386,36,237
2428,411928,92407,78,F#5,68,412156,92458,36,228
2429,411946,92411,71,B4,90,412147,92456,31,201
2430,411955,92413,76,E5,57,411986,92420,57,31
2431,412116,92449,52,E3,64,412415,92516,39,299
2432,412125,92451,62,D4,60,412156,92458,46,31
2433,412125,92451,64,E4,63,412415,92516,42,290
2434,412625,92563,52,E3,64,412937,92633,46,312
2435,412638,92566,64,E4,64,412906,92626,50,268
2436,412937,92633,76,E5,79,413178,92687,47,241
2437,412946,92635,71,B4,81,413017,92651,57,71
2438,413107,92671,52,E3,66,413459,92750,37,353
2439,413116,92673,78,F#5,108,413397,92736,36,281
2440,413116,92673,71,B4,65,413325,92720,36,210
2441,413125,92675,64,E4,67,413491,92757,48,366
2442,413464,92751,79,G5,77,413687,92801,48,223
2443,413464,92751,71,B4,53,413549,92770,59,85
2444,413616,92785,78,F#5,84,413986,92868,47,371
2445,413625,92787,71,B4,63,413888,92846,35,263
2446,413625,92787,52,E3,62,413866,92841,47,241
2447,413638,92790,64,E4,63,413906,92850,44,268
2448,413964,92863,76,E5,77,414156,92906,58,192
2449,413986,92868,71,B4,63,414067,92886,48,80
2450,414165,92908,78,F#5,78,414482,92979,53,317
2451,414178,92911,71,B4,94,414455,92973,53,277
2452,414196,92915,76,E5,64,414236,92924,36,40
2453,414245,92926,66,F#4,36,414388,92958,5,143
2454,414727,93034,54,F#3,74,414888,93070,46,161
2455,414736,93036,59,B3,58,414799,93050,46,62
2456,414745,93038,62,D4,59,414857,93063,52,112
2457,414745,93038,66,F#4,57,414825,93056,64,80
2458,415236,93148,54,F#3,60,415509,93209,35,272
2459,415245,93150,64,E4,60,415535,93215,33,290
2460,415254,93152,57,A3,66,415486,93204,23,232
2461,415254,93152,60,C4,67,415486,93204,28,232
2462,415366,93177,79,G5,5,415875,93291,5,509
2463,415799,93274,54,F#3,60,415995,93318,39,196
2464,415808,93276,60,C4,62,415915,93300,50,107
2465,415808,93276,57,A3,66,415937,93305,48,129
2466,415817,93278,64,E4,64,415937,93305,56,121
2467,416035,93327,54,F#3,36,416334,93394,29,299
2468,416138,93350,59,B3,86,416317,93390,44,179
2469,416147,93352,71,B4,86,416357,93399,31,210
2470,416147,93352,78,F#5,72,416334,93394,37,187
2471,416147,93352,57,A3,58,416325,93392,36,179
2472,416147,93352,76,E5,60,416334,93394,44,187
2473,416147,93352,63,D#4,54,416245,93374,44,98
2474,416486,93428,79,G5,13,416857,93511,5,371
2475,416857,93511,54,F#3,64,417187,93585,33,330
2476,416866,93513,57,A3,68,417107,93567,21,241
2477,416866,93513,63,D#4,76,417156,93578,36,290
2478,416866,93513,59,B3,72,417075,93560,35,210
2479,417196,93587,76,E5,65,417317,93614,44,121
2480,417205,93589,71,B4,73,417276,93605,57,71
2481,417375,93627,54,F#3,64,417718,93704,36,344
2482,417384,93629,57,A3,66,417656,93690,3,272
2483,417384,93629,76,E5,65,417455,93645,58,71
2484,417388,93630,78,F#5,117,417607,93679,50,219
2485,417388,93630,59,B3,69,417678,93695,31,290
2486,417388,93630,63,D#4,70,417705,93701,36,317
2487,417397,93632,71,B4,83,417602,93678,41,205
2488,417714,93703,76,E5,66,418187,93809,58,473
2489,417736,93708,71,B4,70,417928,93751,29,192
2490,417928,93751,54,F#3,70,418218,93816,41,290
2491,417928,93751,59,B3,75,418134,93797,47,205
2492,417937,93753,57,A3,66,418138,93798,37,201
2493,417937,93753,63,D#4,68,418187,93809,55,250
2494,418102,93790,78,F#5,74,418375,93851,50,272
2495,418107,93791,71,B4,70,418285,93831,37,179
2496,418437,93865,71,B4,72,419415,94084,36,978
2497,418437,93865,79,G5,77,419415,94084,36,978
2498,418437,93865,74,D5,64,419285,94055,23,848
2499,418446,93867,59,B3,64,418736,93932,23,290
2500,418455,93869,62,D4,55,418767,93939,44,312
2501,418455,93869,55,G3,63,418736,93932,3,281
2502,418455,93869,52,E3,62,418736,93932,42,281
2503,418986,93988,52,E3,62,419325,94064,39,339
2504,418986,93988,59,B3,64,419334,94066,39,348
2505,418986,93988,55,G3,62,419325,94064,35,339
2506,418995,93990,62,D4,57,419334,94066,48,339
2507,419517,94107,52,E3,57,419736,94156,46,219
2508,419526,94109,62,D4,58,419727,94154,50,201
2509,419558,94116,59,B3,35,419647,94136,36,89
2510,420058,94228,52,E3,53,420165,94252,47,107
2511,420067,94230,62,D4,83,420245,94270,50,179
2512,420138,94246,77,F5,5,420687,94369,5,549
2513,420406,94306,52,E3,65,420995,94438,42,589
2514,420575,94344,55,G3,61,420995,94438,36,420
2515,420575,94344,59,B3,67,420986,94436,37,411
2516,420584,94346,62,D4,79,420986,94436,44,402
2517,421017,94443,71,B4,101,421276,94501,28,259
2518,421017,94443,79,G5,81,421245,94494,47,228
2519,421035,94447,78,F#5,68,421058,94452,72,22
2520,421165,94476,59,B3,64,421504,94552,37,339
2521,421165,94476,55,G3,65,421477,94546,35,312
2522,421165,94476,52,E3,61,421495,94550,36,330
2523,421174,94478,62,D4,83,421495,94550,42,321
2524,421495,94550,79,G5,69,421598,94573,36,103
2525,421509,94553,71,B4,63,421584,94570,49,76
2526,421634,94581,78,F#5,67,421915,94644,36,281
2527,421647,94584,59,B3,68,422013,94666,36,366
2528,421647,94584,71,B4,59,421955,94653,35,308
2529,421647,94584,52,E3,67,422009,94665,39,362
2530,421656,94586,62,D4,70,422009,94665,46,353
2531,421656,94586,55,G3,69,421995,94662,33,339
2532,422165,94700,79,G5,68,422334,94738,57,170
2533,422174,94702,55,G3,67,422334,94738,57,161
2534,422178,94703,52,E3,65,422325,94736,54,147
2535,422178,94703,59,B3,64,422334,94738,56,156
2536,422178,94703,71,B4,68,422285,94727,59,107
2537,422187,94705,62,D4,69,422375,94747,50,187
2538,422714,94823,60,C4,67,422964,94879,31,250
2539,422718,94824,81,A5,83,423178,94927,35,460
2540,422718,94824,64,E4,65,422946,94875,31,228
2541,422718,94824,69,A4,61,422946,94875,36,228
2542,422723,94825,57,A3,64,422977,94882,19,254
2543,422727,94826,73,C#5,108,423165,94924,62,437
2544,423236,94940,64,E4,64,423486,94996,36,250
2545,423236,94940,57,A3,62,423495,94998,24,259
2546,423245,94942,60,C4,63,423495,94998,33,250
2547,423254,94944,81,A5,68,425138,95366,48,1884
2548,423259,94945,72,C5,83,425156,95370,52,1897
2549,423259,94945,69,A4,60,423495,94998,47,237
2550,423267,94947,67,G4,59,423308,94956,31,40
2551,423285,94951,78,F#5,58,423308,94956,57,22
2552,423785,95063,64,E4,64,423986,95108,36,201
2553,423785,95063,57,A3,60,424009,95113,31,223
2554,423785,95063,60,C4,64,423995,95110,36,210
2555,423799,95066,69,A4,61,424035,95119,37,237
2556,423808,95068,67,G4,61,423825,95072,52,18
2557,424285,95175,57,A3,63,424486,95220,39,201
2558,424299,95178,64,E4,36,424495,95222,44,196
2559,424303,95179,60,C4,33,424486,95220,36,183
2560,424308,95180,69,A4,67,424464,95215,59,156
2561,424817,95294,57,A3,63,424906,95314,66,89
2562,425125,95363,55,G3,63,425384,95421,56,259
2563,425687,95489,67,G4,31,426058,95572,31,371
2564,425687,95489,74,D5,75,426067,95574,24,379
2565,425687,95489,71,B4,47,426075,95576,15,388
2566,425727,95498,55,G3,36,425946,95547,35,219
2567,426227,95610,55,G3,57,426825,95744,47,598
2568,426455,95661,81,A5,117,426696,95715,46,241
2569,426834,95746,86,D6,127,427116,95809,44,281
2570,427187,95825,84,C6,65,427406,95874,52,219
2571,427366,95865,83,B5,127,427848,95973,44,482
2572,427915,95988,83,B5,101,430656,96602,47,2741
2573,428415,96100,64,E4,66,428607,96143,31,192
2574,428428,96103,60,C4,70,428575,96136,39,147
2575,428428,96103,54,F#3,68,428625,96147,37,196
2576,428428,96103,57,A3,69,428584,96138,24,156
2577,429205,96277,59,B3,63,429383,96317,35,179
2578,429205,96277,62,D4,64,429375,96315,36,170
2579,429214,96279,65,F4,67,429357,96311,3,143
2580,429218,96280,67,G4,67,429383,96317,53,165
2581,429227,96282,55,G3,53,429406,96322,26,179
2582,429745,96398,55,G3,68,430236,96508,39,491
2583,429745,96398,62,D4,57,430236,96508,33,491
2584,429745,96398,64,E4,47,430245,96510,35,500
2585,429758,96401,59,B3,68,430218,96504,3,460
2586,430468,96560,55,G3,65,431267,96739,35,799
2587,430477,96562,59,B3,73,431236,96732,37,759
2588,430477,96562,64,E4,66,431276,96741,33,799
2589,430477,96562,62,D4,68,431254,96736,36,777
2590,430817,96638,83,B5,127,431227,96730,15,411
2591,430834,96642,84,C6,94,430883,96653,29,49
2592,431299,96746,82,A#5,64,431437,96777,59,138
2593,431455,96781,83,B5,73,431776,96853,41,321
2594,431464,96783,55,G3,68,431817,96862,37,353
2595,431468,96784,62,D4,65,431817,96862,36,348
2596,431477,96786,59,B3,70,431808,96860,36,330
2597,431477,96786,64,E4,67,431817,96862,42,339
2598,431968,96896,84,C6,68,432785,97079,19,817
2599,432446,97003,54,F#3,62,432995,97126,24,549
2600,432446,97003,64,E4,67,433004,97128,35,558
2601,432455,97005,60,C4,68,432946,97115,35,491
2602,432455,97005,57,A3,64,432946,97115,13,491
2603,432924,97110,81,A5,67,433446,97227,26,522
2604,432968,97120,83,B5,62,432995,97126,49,27
2605,433236,97180,54,F#3,63,433388,97214,57,152
2606,433258,97185,64,E4,70,433348,97205,59,89
2607,433258,97185,57,A3,64,433366,97209,37,107
2608,433258,97185,60,C4,66,433348,97205,54,89
2609,433656,97274,54,F#3,58,434656,97498,41,1000
2610,433665,97276,63,D#4,62,434678,97503,39,1013
2611,433674,97278,59,B3,68,434598,97485,5,924
2612,433674,97278,57,A3,64,434625,97491,5,951
2613,433687,97281,78,F#5,66,433986,97348,46,299
2614,434196,97395,84,C6,79,434687,97505,37,491
2615,434205,97397,72,C5,108,434745,97518,35,540
2616,434866,97545,54,F#3,59,435245,97630,44,379
2617,434875,97547,84,C6,73,435026,97581,58,152
2618,434875,97547,59,B3,68,435245,97630,36,371
2619,434883,97549,74,D5,90,434937,97561,50,54
2620,434883,97549,63,D#4,74,435267,97635,42,384
2621,434888,97550,72,C5,94,435022,97580,52,134
2622,434888,97550,57,A3,64,435227,97626,36,339
2623,434915,97556,83,B5,57,434937,97561,53,22
2624,435125,97603,82,A#5,44,435227,97626,3,103
2625,435276,97637,86,D6,90,435455,97677,53,179
2626,435276,97637,74,D5,72,435477,97682,46,201
2627,435308,97644,79,G5,59,435325,97648,49,18
2628,435406,97666,54,F#3,74,435736,97740,36,330
2629,435415,97668,59,B3,70,435696,97731,23,281
2630,435415,97668,57,A3,67,435727,97738,13,312
2631,435415,97668,63,D#4,84,435696,97731,36,281
2632,435727,97738,84,C6,67,435834,97762,59,107
2633,435736,97740,72,C5,75,435825,97760,60,89
2634,436245,97854,83,B5,90,436848,97989,44,603
2635,436258,97857,71,B4,108,436866,97993,52,607
2636,436258,97857,72,C5,108,436317,97870,33,58
2637,436285,97863,81,A5,64,436317,97870,55,31
2638,436285,97863,76,E5,67,436303,97867,61,18
2639,436406,97890,59,B3,77,436696,97955,42,290
2640,436406,97890,52,E3,67,436736,97964,53,330
2641,436415,97892,55,G3,77,436736,97964,35,321
2642,436415,97892,62,D4,90,436705,97957,42,290
2643,436946,98011,52,E3,64,437486,98132,19,540
2644,436946,98011,61,C#4,78,437495,98134,36,549
2645,436946,98011,55,G3,58,437437,98121,5,491
2646,436955,98013,83,B5,90,437656,98170,29,701
2647,436955,98013,57,A3,58,437486,98132,5,531
2648,436955,98013,71,B4,94,437647,98168,24,692
2649,437986,98244,57,A3,64,438428,98343,35,442
2650,437986,98244,50,D3,64,438486,98356,3,500
2651,437995,98246,53,F3,65,438468,98352,3,473
2652,437995,98246,60,C4,70,438455,98349,26,460
2653,437995,98246,81,A5,68,438375,98331,36,379
2654,438004,98248,69,A4,79,438437,98345,36,433
2655,438767,98419,53,F3,67,439888,98670,24,1121
2656,438767,98419,67,G4,67,439334,98546,5,567
2657,438767,98419,79,G5,68,439138,98502,29,371
2658,438767,98419,55,G3,69,439888,98670,31,1121
2659,438767,98419,50,D3,66,439883,98669,31,1116
2660,438767,98419,59,B3,64,439897,98672,28,1129
2661,439817,98654,66,F#4,59,439897,98672,79,80
2662,439817,98654,78,F#5,72,439906,98674,82,89
2663,440348,98773,81,A5,68,441267,98979,53,920
2664,440357,98775,69,A4,75,441299,98986,28,942
2665,440477,98802,54,F#3,60,441156,98954,15,679
2666,440486,98804,60,C4,62,441084,98938,33,598
2667,440486,98804,57,A3,59,441084,98938,5,598
2668,440495,98806,64,E4,73,441084,98938,5,589
2669,441308,98988,54,F#3,62,441504,99032,52,196
2670,441308,98988,60,C4,64,441477,99026,39,170
2671,441308,98988,64,E4,67,441504,99032,39,196
2672,441317,98990,57,A3,67,441486,99028,35,170
2673,441486,99028,79,G5,66,441607,99055,60,121
2674,441495,99030,67,G4,79,441616,99057,44,121
2675,441857,99111,54,F#3,60,443477,99474,17,1621
2676,441866,99113,63,D#4,60,443075,99384,41,1210
2677,441866,99113,78,F#5,72,442687,99297,46,821
2678,441866,99113,57,A3,64,443366,99449,5,1500
2679,441875,99115,66,F#4,59,442678,99295,58,804
2680,441875,99115,59,B3,68,443348,99445,35,1473
2681,442986,99364,79,G5,81,443116,99393,79,129
2682,442986,99364,67,G4,53,443156,99402,55,170
2683,443026,99373,77,F5,37,443075,99384,35,49
2684,443558,99492,71,B4,60,443799,99546,28,241
2685,443567,99494,59,B3,68,443727,99530,56,161
2686,444415,99684,76,E5,66,444575,99720,63,161
2687,444428,99687,64,E4,101,444558,99716,54,129
2688,444549,99714,52,E3,69,444834,99778,35,286
2689,444696,99747,59,B3,69,444888,99790,57,192
2690,444834,99778,62,D4,77,444883,99789,101,49
2691,444955,99805,62,D4,64,445098,99837,52,143
2692,445017,99819,64,E4,62,445178,99855,58,161
2693,445125,99843,67,G4,62,445245,99870,52,121
2694,445187,99857,71,B4,44,445276,99877,68,89
2695,445317,99886,64,E4,58,445486,99924,50,170
2696,445397,99904,71,B4,57,445549,99938,50,152
2697,445535,99935,74,D5,58,445638,99958,60,103
2698,445584,99946,76,E5,59,445678,99967,58,94
2699,445665,99964,83,B5,47,445705,99973,37,40
2700,445665,99964,64,E4,44,446084,100058,31,420
2701,445758,99985,71,B4,57,446026,100045,44,268
2702,445897,100016,74,D5,55,446058,100052,61,161
2703,445946,100027,76,E5,33,446035,100047,48,89
2704,445977,100034,83,B5,67,446397,100128,53,420
2705,445995,100038,86,D6,57,446205,100085,44,210
2706,446084,100058,88,E6,29,446455,100141,5,371
2707,446125,100067,91,G6,101,446366,100121,36,241
2708,446906,100242,76,E5,72,447049,100274,36,143
2709,447075,100280,78,F#5,59,447415,100356,36,339
2710,447535,100383,79,G5,59,447678,100415,59,143
2711,447817,100446,57,A3,47,449214,100759,39,1397
2712,447875,100459,64,E4,31,449187,100753,26,1312
2713,447946,100475,73,C#5,29,449276,100773,59,1330
2714,447955,100477,67,G4,26,448044,100497,17,89
2715,447995,100486,69,A4,24,449165,100748,36,1170
2716,448035,100495,76,E5,37,449227,100762,5,1192
2717,448107,100511,81,A5,64,449218,100760,33,1112
2718,449147,100744,79,G5,5,449236,100764,31,89
2719,449366,100793,64,E4,46,449437,100809,59,71
2720,449366,100793,57,A3,56,449455,100813,62,89
2721,449736,100876,50,D3,42,451808,101340,36,2071
2722,449834,100898,69,A4,33,451026,101165,21,1192
2723,449866,100905,57,A3,37,451785,101335,36,1920
2724,449955,100925,72,C5,5,450995,101158,5,1040
2725,449968,100928,74,D5,29,450745,101102,5,777
2726,449995,100934,78,F#5,42,451035,101167,19,1040
2727,450084,100954,62,D4,44,450526,101053,24,442
2728,451276,101221,62,D4,33,451567,101286,15,290
2729,451325,101232,74,D5,127,451549,101282,3,223
2730,451348,101237,78,F#5,70,451375,101243,61,27
2731,451508,101273,76,E5,64,451696,101315,39,187
2732,451508,101273,77,F5,63,451575,101288,28,67
2733,451687,101313,78,F#5,67,451834,101346,50,147
2734,451964,101375,83,B5,62,452705,101541,17,741
2735,452205,101429,55,G3,59,453687,101761,41,1482
2736,452397,101472,62,D4,49,453625,101747,3,1228
2737,452584,101514,67,G4,59,453598,101741,41,1013
2738,452897,101584,83,B5,64,453375,101691,33,478
2739,452897,101584,74,D5,42,453348,101685,35,451
2740,453397,101696,81,A5,64,453607,101743,59,210
2741,453584,101738,79,G5,70,453767,101779,41,183
2742,453776,101781,77,F5,33,453977,101826,58,201
2743,454125,101859,48,C3,59,455727,102218,44,1603
2744,454196,101875,55,G3,59,455718,102216,36,1522
2745,454276,101893,60,C4,58,455767,102227,36,1491
2746,454357,101911,67,G4,41,455366,102137,41,1009
2747,454383,101917,72,C5,58,455406,102146,53,1022
2748,454468,101936,76,E5,64,455437,102153,36,969
2749,455558,102180,72,C5,108,455718,102216,35,161
2750,455567,102182,71,B4,94,455625,102195,42,58
2751,455736,102220,74,D5,69,455897,102256,46,161
2752,455937,102265,76,E5,67,456218,102328,35,281
2753,456245,102334,54,F#3,37,458397,102816,47,2152
2754,456267,102339,72,C5,48,457276,102565,48,1009
2755,456267,102339,81,A5,52,457245,102558,44,978
2756,456375,102363,57,A3,41,458325,102800,5,1951
2757,456477,102386,60,C4,39,458397,102816,37,1920
2758,456598,102413,64,E4,50,458388,102814,37,1790
2759,457357,102583,72,C5,101,457656,102650,36,299
2760,457736,102668,72,C5,46,457924,102710,9,187
2761,457745,102670,81,A5,90,457995,102726,36,250
2762,458205,102773,81,A5,56,458258,102785,48,54
2763,458348,102805,81,A5,41,458446,102827,42,98
2764,458468,102832,83,B5,75,458625,102867,55,156
2765,458575,102856,81,A5,94,458705,102885,62,129
2766,458656,102874,54,F#3,36,460415,103268,36,1759
2767,458665,102876,79,G5,79,458915,102932,65,250
2768,458678,102879,63,D#4,58,460406,103266,49,1728
2769,458678,102879,57,A3,46,460325,103248,5,1647
2770,458687,102881,59,B3,65,460348,103253,5,1661
2771,459008,102953,78,F#5,93,459375,103035,37,366
2772,459388,103038,71,B4,79,459678,103103,44,290
2773,459736,103116,78,F#5,66,459995,103174,56,259
2774,460138,103206,78,F#5,99,460196,103219,58,58
2775,460299,103242,78,F#5,57,460406,103266,35,107
2776,460424,103270,79,G5,65,460584,103306,63,161
2777,460558,103300,78,F#5,99,460696,103331,60,138
2778,460656,103322,76,E5,73,461017,103403,57,362
2779,460825,103360,52,E3,3,461808,103580,47,982
2780,460968,103392,78,F#5,63,461665,103548,36,696
2781,461138,103430,59,B3,66,461727,103562,9,589
2782,461388,103486,62,D4,52,461495,103510,56,107
2783,461584,103530,64,E4,68,461799,103578,42,214
2784,461745,103566,71,B4,60,462008,103625,17,263
2785,461857,103591,74,D5,60,462049,103634,39,192
2786,461968,103616,76,E5,62,462107,103647,57,138
2787,462075,103640,79,G5,54,462178,103663,59,103
2788,462165,103660,71,B4,60,462348,103701,58,183
2789,462299,103690,76,E5,35,462424,103718,44,125
2790,462299,103690,77,F5,36,462424,103718,46,125
2791,462415,103716,71,B4,69,463035,103855,48,621
2792,462424,103718,83,B5,36,462486,103732,29,62
2793,462495,103734,76,E5,64,462986,103844,52,491
2794,462616,103761,83,B5,75,464678,104223,55,2062
2795,462665,103772,86,D6,55,464616,104209,5,1951
2796,462745,103790,88,E6,53,463825,104032,5,1080
2797,462794,103801,91,G6,90,464575,104200,24,1781
2798,463616,103985,50,D3,67,463776,104021,75,161
2799,463727,104010,52,E3,19,464067,104086,57,339
2800,464205,104117,52,E3,68,465566,104422,33,1362
2801,465098,104317,64,E4,127,465388,104382,36,290
2802,465116,104321,68,G#4,64,465133,104325,70,18
2803,465437,104393,66,F#4,58,465598,104429,47,161
2804,465647,104440,67,G4,58,465955,104509,35,308
2805,466035,104527,69,A4,52,466437,104617,49,402
2806,466084,104538,54,F#3,36,467602,104878,36,1518
2807,466098,104541,57,A3,53,467352,104822,5,1254
2808,466098,104541,60,C4,53,467602,104878,3,1504
2809,466098,104541,64,E4,44,467602,104878,19,1504
2810,466584,104650,74,D5,59,466937,104729,42,353
2811,466946,104731,72,C5,53,468607,105103,47,1661
2812,467955,104957,66,F#4,33,468517,105083,39,562
2813,467964,104959,59,B3,53,468687,105121,13,723
2814,467977,104962,55,G3,57,468736,105132,31,759
2815,467986,104964,62,D4,44,468625,105107,35,638
2816,468776,105141,62,D4,77,469008,105193,42,232
2817,468955,105181,64,E4,64,469147,105224,28,192
2818,469125,105219,66,F#4,72,469308,105260,39,183
2819,469397,105280,71,B4,48,471397,105728,37,2000
2820,469964,105407,55,G3,36,470517,105531,35,554
2821,469968,105408,66,F#4,50,470508,105529,39,540
2822,469977,105410,62,D4,35,470486,105524,24,509
2823,469986,105412,59,B3,37,470455,105517,15,469
2824,470825,105600,62,D4,37,472816,106046,41,1991
2825,470825,105600,55,G3,31,472808,106044,42,1982
2826,470834,105602,64,E4,24,472825,106048,42,1991
2827,470848,105605,59,B3,44,472825,106048,37,1978
2828,471616,105777,71,B4,70,471888,105838,47,272
2829,471995,105862,71,B4,83,472258,105921,44,263
2830,472334,105938,76,E5,67,472736,106028,47,402
2831,472745,106030,71,B4,55,473299,106154,3,554
2832,473348,106165,54,F#3,31,474709,106470,36,1362
2833,473357,106167,60,C4,36,474709,106470,36,1353
2834,473366,106169,57,A3,35,474709,106470,5,1344
2835,473366,106169,69,A4,53,474138,106342,23,772
2836,473366,106169,64,E4,33,474625,106451,39,1259
2837,474107,106335,66,F#4,49,474781,106486,36,674
2838,474915,106516,69,A4,52,476035,106767,26,1121
2839,474928,106519,54,F#3,36,476517,106875,49,1589
2840,474937,106521,63,D#4,36,476084,106778,49,1147
2841,474946,106523,59,B3,49,476388,106846,44,1442
2842,474946,106523,57,A3,33,476415,106852,5,1469
2843,476084,106778,67,G4,83,476325,106832,67,241
2844,476455,106861,59,B3,68,477299,107050,36,844
2845,476455,106861,60,C4,62,476526,106877,42,71
2846,477285,107047,64,E4,62,477397,107072,62,112
2847,477357,107063,66,F#4,67,477857,107175,60,500
2848,478049,107218,66,F#4,74,479196,107475,57,1147
2849,478495,107318,52,E3,68,479205,107477,56,710
2850,478906,107410,59,B3,59,479196,107475,57,290
2851,479066,107446,62,D4,57,479375,107515,50,308
2852,479334,107506,64,E4,60,479495,107542,50,161
2853,479424,107526,67,G4,60,479566,107558,54,143
2854,479549,107554,71,B4,44,479906,107634,46,357
2855,479558,107556,72,C5,50,479598,107565,58,40
2856,479566,107558,64,E4,57,479875,107627,35,308
2857,479785,107607,74,D5,57,479897,107632,56,112
2858,479946,107643,74,D5,29,480098,107677,66,152
2859,479995,107654,76,E5,36,480156,107690,55,161
2860,480049,107666,64,E4,37,480245,107710,54,196
2861,480084,107674,79,G5,58,480205,107701,57,121
2862,480147,107688,83,B5,63,480245,107710,59,98
2863,480214,107703,74,D5,46,480366,107737,49,152
2864,480218,107704,71,B4,33,480857,107847,39,638
2865,480325,107728,64,E4,63,480906,107858,36,580
2866,480495,107766,74,D5,35,480678,107807,33,183
2867,480495,107766,76,E5,36,480727,107818,50,232
2868,480584,107786,83,B5,67,481656,108026,36,1071
2869,480678,107807,86,D6,60,481549,108002,24,871
2870,480736,107820,88,E6,49,481544,108001,5,808
2871,480808,107836,91,G6,67,481625,108019,35,817
2872,480808,107836,89,F6,60,480977,107874,24,170
2873,481316,107950,52,E3,62,481566,108006,42,250
2874,481508,107993,64,E4,42,481633,108021,41,125
2875,481508,107993,59,B3,31,481678,108031,36,170
2876,481625,108019,52,E3,50,481785,108055,46,161
2877,481727,108042,64,E4,48,481875,108075,36,147
2878,481745,108046,83,B5,36,482008,108105,41,263
2879,481745,108046,90,F#6,21,481834,108066,53,89
2880,481834,108066,52,E3,52,482004,108104,37,170
2881,481955,108093,64,E4,57,482098,108125,49,143
2882,481968,108096,90,F#6,60,482035,108111,53,67
2883,481995,108102,59,B3,47,482098,108125,35,103
2884,482075,108120,52,E3,59,482218,108152,53,143
2885,482116,108129,83,B5,49,482218,108152,47,103
2886,482165,108140,90,F#6,36,482258,108161,11,94
2887,482196,108147,64,E4,59,482308,108172,53,112
2888,482218,108152,59,B3,60,482308,108172,36,89
2889,482276,108165,52,E3,59,482415,108196,57,138
2890,482325,108176,83,B5,63,482437,108201,47,112
2891,482397,108192,59,B3,64,482486,108212,44,89
2892,482406,108194,64,E4,62,482495,108214,56,89
2893,482428,108199,90,F#6,70,482495,108214,61,67
2894,482486,108212,52,E3,68,482616,108241,52,129
2895,482535,108223,83,B5,60,482625,108243,44,89
2896,482566,108230,59,B3,61,482647,108248,53,80
2897,482575,108232,64,E4,57,482665,108252,52,89
2898,482607,108239,90,F#6,63,482678,108255,62,71
2899,482665,108252,52,E3,67,482776,108277,44,112
2900,482705,108261,83,B5,58,482794,108281,44,89
2901,482736,108268,64,E4,59,482825,108288,61,89
2902,482736,108268,59,B3,63,482816,108286,60,80
2903,482776,108277,90,F#6,82,482834,108290,64,58
2904,482834,108290,52,E3,72,482937,108313,50,103
2905,482875,108299,83,B5,61,482964,108319,52,89
2906,482906,108306,64,E4,57,482995,108326,53,89
2907,482906,108306,59,B3,69,482977,108322,59,71
2908,482928,108311,90,F#6,74,483008,108329,64,80
2909,483008,108329,52,E3,73,483116,108353,52,107
2910,483035,108335,83,B5,64,483116,108353,57,80
2911,483066,108342,64,E4,53,483165,108364,53,98
2912,483075,108344,59,B3,58,483156,108362,54,80
2913,483098,108349,90,F#6,64,483165,108364,62,67
2914,483165,108364,52,E3,72,483285,108391,58,121
2915,483187,108369,83,B5,63,483267,108387,56,80
2916,483236,108380,64,E4,57,483348,108405,57,112
2917,483241,108381,59,B3,59,483366,108409,24,125
2918,483245,108382,90,F#6,59,483334,108402,48,89
2919,483348,108405,83,B5,58,483446,108427,44,98
2920,483357,108407,52,E3,86,483477,108434,56,121
2921,483406,108418,90,F#6,54,483486,108436,57,80
2922,483437,108425,59,B3,66,483558,108452,41,121
2923,483446,108427,64,E4,49,483544,108449,52,98
2924,483495,108438,83,B5,52,483767,108499,47,272
2925,483549,108450,52,E3,73,483683,108480,55,134
2926,483575,108456,90,F#6,60,483656,108474,44,80
2927,483633,108469,64,E4,50,483767,108499,44,134
2928,483660,108475,59,B3,56,483776,108501,56,116
2929,483727,108490,90,F#6,42,483808,108508,48,80
2930,483758,108497,52,E3,70,483897,108528,57,138
2931,483825,108512,64,E4,44,483946,108539,46,121
2932,483834,108514,83,B5,47,484147,108584,36,312
2933,483866,108521,59,B3,44,483995,108550,35,129
2934,483915,108532,90,F#6,48,483986,108548,39,71
2935,483977,108546,52,E3,52,484116,108577,47,138
2936,484035,108559,64,E4,46,484138,108582,41,103
2937,484125,108579,90,F#6,60,484236,108604,53,112
2938,484214,108599,52,E3,59,484321,108623,53,107
2939,484258,108609,83,B5,48,486968,109216,46,2710
2940,484388,108638,90,F#6,49,485116,108801,5,728
2941,484946,108763,52,E3,53,487066,109238,50,2121
2942,487866,109417,52,E3,68,488758,109617,64,893
